<?xml version="1.0" encoding="UTF-8"?><article article-type="research-article" dtd-version="1.1d1" xml:lang="en" xmlns:xlink="http://www.w3.org/1999/xlink">
<front>
<journal-meta>
<journal-id journal-id-type="publisher-id">DHJ</journal-id>
<journal-id journal-id-type="hwp">spdhj</journal-id>
<journal-title-group>
<journal-title>Digital Health</journal-title></journal-title-group>
<issn pub-type="epub">2055-2076</issn>
<publisher>
<publisher-name>SAGE Publications</publisher-name>
<publisher-loc>Sage UK: London, England</publisher-loc>
</publisher>
</journal-meta>
<article-meta>
<article-id pub-id-type="doi">10.1177/20552076211037227</article-id>
<article-id pub-id-type="publisher-id">10.1177_20552076211037227</article-id>
<article-categories>
<subj-group subj-group-type="heading">
<subject>Pilot Study</subject>
</subj-group>
</article-categories>
<title-group>
<article-title>Using mobile sensing data to assess stress: Associations with perceived and lifetime stress, mental health, sleep, and inflammation</article-title>
</title-group>
<contrib-group>
<contrib contrib-type="author"><contrib-id contrib-id-type="orcid">https://orcid.org/0000-0002-4180-8095</contrib-id><name><surname>Byrne</surname><given-names>Michelle L</given-names></name>
<xref ref-type="aff" rid="aff1-20552076211037227">1</xref>
<xref ref-type="aff" rid="aff2-20552076211037227">2</xref></contrib>
<contrib contrib-type="author"><name><surname>Lind</surname><given-names>Monika N</given-names></name>
<xref ref-type="aff" rid="aff1-20552076211037227">1</xref></contrib>
<contrib contrib-type="author"><name><surname>Horn</surname><given-names>Sarah R</given-names></name>
<xref ref-type="aff" rid="aff1-20552076211037227">1</xref></contrib>
<contrib contrib-type="author"><name><surname>Mills</surname><given-names>Kathryn L</given-names></name>
<xref ref-type="aff" rid="aff1-20552076211037227">1</xref></contrib>
<contrib contrib-type="author"><name><surname>Nelson</surname><given-names>Benjamin W</given-names></name>
<xref ref-type="aff" rid="aff3-20552076211037227">3</xref></contrib>
<contrib contrib-type="author"><contrib-id contrib-id-type="orcid">https://orcid.org/0000-0002-8745-0287</contrib-id><name><surname>Barnes</surname><given-names>Melissa L</given-names></name>
<xref ref-type="aff" rid="aff1-20552076211037227">1</xref></contrib>
<contrib contrib-type="author"><contrib-id contrib-id-type="orcid">https://orcid.org/0000-0001-5710-3818</contrib-id><name><surname>Slavich</surname><given-names>George M</given-names></name>
<xref ref-type="aff" rid="aff4-20552076211037227">4</xref></contrib>
<contrib contrib-type="author" corresp="yes"><name><surname>Allen</surname><given-names>Nicholas B</given-names></name>
<xref ref-type="aff" rid="aff1-20552076211037227">1</xref>
<xref ref-type="aff" rid="aff5-20552076211037227">5</xref>
<xref ref-type="corresp" rid="corresp1-20552076211037227"/></contrib>
</contrib-group>
<aff id="aff1-20552076211037227">
<label>1</label>Department of Psychology, <institution-wrap><institution-id institution-id-type="Ringgold">3265</institution-id><institution content-type="university">University of Oregon</institution></institution-wrap>, USA</aff>
<aff id="aff2-20552076211037227">
<label>2</label>Turner Institute for Brain and Mental Health, School of Psychological Sciences, <institution-wrap><institution-id institution-id-type="Ringgold">2541</institution-id><institution content-type="university">Monash University</institution></institution-wrap>, Australia</aff>
<aff id="aff3-20552076211037227">
<label>3</label><institution-wrap><institution-id institution-id-type="Ringgold">169101</institution-id><institution content-type="university">Department of Psychology and Neuroscience</institution></institution-wrap>, <institution-wrap><institution-id institution-id-type="Ringgold">2331</institution-id><institution content-type="university">University of North Carolina at Chapel Hill</institution></institution-wrap>, USA</aff>
<aff id="aff4-20552076211037227">
<label>4</label>Cousins Center for Psychoneuroimmunology and Department of Psychiatry and Biobehavioral Sciences, <institution-wrap><institution-id institution-id-type="Ringgold">8783</institution-id><institution content-type="university">University of California</institution></institution-wrap>, Los Angeles, USA</aff>
<aff id="aff5-20552076211037227">
<label>5</label>School of Psychological Sciences, University of Melbourne, Australia</aff>
<author-notes>
<corresp id="corresp1-20552076211037227">Nicholas B Allen, Department of Psychology, University of Oregon, Eugene, OR 97403-1227, USA. 
Email: <email>nallen3@uoregon.edu</email>
</corresp>
</author-notes>
<pub-date pub-type="epub"><day>27</day><month>8</month><year>2021</year></pub-date>
<pub-date pub-type="collection"><year>2021</year></pub-date>
<volume>7</volume>
<elocation-id>20552076211037227</elocation-id>
<history>
<date date-type="received">
<day>22</day>
<month>1</month>
<year>2021</year></date>
<date date-type="accepted">
<day>17</day>
<month>7</month>
<year>2021</year></date>
</history>
<permissions>
<copyright-statement>© The Author(s) 2021</copyright-statement>
<copyright-year>2021</copyright-year><copyright-holder content-type="sage">SAGE Publications Ltd, unless otherwise noted. Manuscript content on this site is licensed under Creative Commons Licenses</copyright-holder><license license-type="creative-commons" xlink:href="https://creativecommons.org/licenses/by-nc/4.0/" xlink:type="simple"><license-p>This article is distributed under the terms of the Creative Commons Attribution-NonCommercial 4.0 License (<ext-link ext-link-type="uri" xlink:href="https://creativecommons.org/licenses/by-nc/4.0/">https://creativecommons.org/licenses/by-nc/4.0/</ext-link>) which permits non-commercial use, reproduction and distribution of the work without further permission provided the original work is attributed as specified on the SAGE and Open Access page (<ext-link ext-link-type="uri" xlink:href="https://us.sagepub.com/en-us/nam/open-access-at-sage">https://us.sagepub.com/en-us/nam/open-access-at-sage</ext-link>).</license-p></license>
</permissions>
<abstract><sec>
<title>Background</title>
<p>Although stress is a risk factor for mental and physical health problems, it can be difficult to assess, especially on a continual, non-invasive basis. Mobile sensing data, which are continuously collected from naturalistic smartphone use, may estimate exposure to acute and chronic stressors that have health-damaging effects. This initial validation study validated a mobile-sensing collection tool against assessments of perceived and lifetime stress, mental health, sleep duration, and inflammation.</p>
</sec><sec>
<title>Methods</title>
<p>Participants were 25 well-characterized healthy young adults (<italic>M</italic><sub>age</sub> = 20.64 years, SD = 2.74; 13 men, 12 women). We collected affective text language use with a custom smartphone keyboard. We assessed participants’ perceived and lifetime stress, depression and anxiety levels, sleep duration, and basal inflammatory activity (i.e. salivary C-reactive protein and interleukin-1β).</p>
</sec><sec>
<title>Results</title>
<p>Three measures of affective language (i.e. total positive words, total negative words, and total affective words) were strongly associated with lifetime stress exposure, and total negative words typed was related to fewer hours slept (all large effect sizes: <italic>r</italic> = 0.50 – 0.78). Total positive words, total negative words, and total affective words typed were also associated with higher perceived stress and lower salivary C-reactive protein levels (medium effect sizes; <italic>r</italic> = 0.22 – 0.32).</p>
</sec><sec>
<title>Conclusions</title>
<p>Data from this initial longitudinal validation study suggest that total and affective text use may be useful mobile sensing measures insofar as they are associated with several other stress, mental health, behavioral, and biological outcomes. This tool may thus help identify individuals at increased risk for stress-related health problems.</p>
</sec>
</abstract>
<kwd-group>
<kwd>Mobile sensing</kwd>
<kwd>stress</kwd>
<kwd>affective language</kwd>
<kwd>text</kwd>
<kwd>inflammation</kwd>
<kwd>mental health</kwd>
</kwd-group><funding-group specific-use="FundRef">
<award-group id="award1-20552076211037227">
<funding-source id="funding1-20552076211037227">
<institution-wrap>
<institution>National Institute on Aging</institution>
<institution-id institution-id-type="FundRef">https://doi.org/10.13039/100000049</institution-id>
</institution-wrap>
</funding-source>
<award-id rid="funding1-20552076211037227">R24AG048024</award-id>
</award-group>
<award-group id="award2-20552076211037227">
<funding-source id="funding2-20552076211037227">
<institution-wrap>
<institution>National Institutes of Health</institution>
<institution-id institution-id-type="FundRef">https://doi.org/10.13039/100000002</institution-id>
</institution-wrap>
</funding-source>
<award-id rid="funding2-20552076211037227">K08 MH103443</award-id>
</award-group>
<award-group id="award3-20552076211037227">
<funding-source id="funding3-20552076211037227">
<institution-wrap>
<institution>National Institute of Mental Health</institution>
<institution-id institution-id-type="FundRef">https://doi.org/10.13039/100000025</institution-id>
</institution-wrap>
</funding-source>
<award-id rid="funding3-20552076211037227">K01MH111951</award-id>
</award-group>
<award-group id="award4-20552076211037227">
<funding-source id="funding4-20552076211037227">
<institution-wrap>
<institution>Branco Weiss Fellowship - Society in Science</institution>
</institution-wrap>
</funding-source>
</award-group>
<award-group id="award5-20552076211037227">
<funding-source id="funding5-20552076211037227">
<institution-wrap>
<institution>Brain and Behavior Research Foundation</institution>
<institution-id institution-id-type="FundRef">https://doi.org/10.13039/100000874</institution-id>
</institution-wrap>
</funding-source>
<award-id rid="funding5-20552076211037227">23958</award-id>
</award-group>
</funding-group>
<custom-meta-group>
<custom-meta><meta-name>typesetter</meta-name><meta-value>ts19</meta-value></custom-meta></custom-meta-group>
</article-meta>
</front>
<body>
<sec id="section1-20552076211037227" sec-type="intro">
<title>Introduction</title>
<p>In recent years, the global disease burden has shifted away from premature death toward more years lived with disability.<sup><xref ref-type="bibr" rid="bibr1-20552076211037227">1</xref>,<xref ref-type="bibr" rid="bibr2-20552076211037227">2</xref></sup> Non-communicable, chronic diseases are now responsible for more years lost and greater health treatment costs than any other type of illness or disease.<sup><xref ref-type="bibr" rid="bibr3-20552076211037227">3</xref></sup> It is thus important to identify modifiable risk factors for chronic diseases that can be targeted for intervention and prevention programs.</p>
<p>Chronic inflammation is one mechanism that appears to be relevant for a wide variety of physical and mental health problems,<sup><xref ref-type="bibr" rid="bibr4-20552076211037227">4</xref></sup> including heart disease,<sup><xref ref-type="bibr" rid="bibr5-20552076211037227">5</xref></sup> obesity,<sup><xref ref-type="bibr" rid="bibr6-20552076211037227">6</xref>,<xref ref-type="bibr" rid="bibr7-20552076211037227">7</xref></sup> and depression.<sup><xref ref-type="bibr" rid="bibr8-20552076211037227">8</xref></sup> Inflammatory activity has been shown to be upregulated by psychological stress in addition to tissue damage and microbial threats.<sup><xref ref-type="bibr" rid="bibr9-20552076211037227">9</xref></sup> However, frequently assessing inflammatory levels over time, within a particular individual, is a difficult and expensive way to index stress-related disease risk, and continuous, real-time assessments are not currently possible. Other measures of stress that are known to be associated with chronic illnesses and inflammation include depression and anxiety,<sup><xref ref-type="bibr" rid="bibr10-20552076211037227">10</xref>,<xref ref-type="bibr" rid="bibr11-20552076211037227">11</xref></sup> perceived stress,<sup><xref ref-type="bibr" rid="bibr12-20552076211037227">12</xref></sup> stressful life events,<sup><xref ref-type="bibr" rid="bibr13-20552076211037227">13</xref></sup> and poor sleep.<sup><xref ref-type="bibr" rid="bibr14-20552076211037227">14</xref></sup> However, many of these factors are either biased (e.g. if self-reported) or also difficult to repeatedly measure over long periods of time.</p>
<p>Recent technological advances have enabled the ongoing assessment of stress markers that might be relevant for estimating changes in chronic disease risk. For example, mobile sensing data, which are continuously collected from a person’s naturalistic smartphone use, may be able to estimate levels of both acute and chronic stressors that have health-damaging effects. Mobile sensing has the advantage of measuring objective, naturalistic behavioral data unobtrusively, while preserving ecological validity. This benefit could improve upon self-reported questionnaires, which may suffer from response- or interpretation bias, and physiological variables, which are more difficult to obtain and challenging to measure in ecologically valid contexts.</p>
<p>Mobile sensing tools can measure behaviors that are known to be associated with stress and mood, including language use, facial expressions, sleep, and music choice, among others.<sup><xref ref-type="bibr" rid="bibr15-20552076211037227">15</xref><xref ref-type="bibr" rid="bibr16-20552076211037227"/><xref ref-type="bibr" rid="bibr17-20552076211037227"/>–<xref ref-type="bibr" rid="bibr15-20552076211037227">18</xref></sup> Some research has even shown that user location, type of sound in the environment (including voices), and being around others (based on Bluetooth data) are all associated with self-reported perceived stress levels.<sup><xref ref-type="bibr" rid="bibr19-20552076211037227">19</xref></sup> However, natural language use from the keyboard is especially interesting for two reasons. Firstly, there is accumulating evidence that natural language processing can be used to detect critical health events,<sup><xref ref-type="bibr" rid="bibr20-20552076211037227">20</xref></sup> including elevated suicide risk,<sup><xref ref-type="bibr" rid="bibr21-20552076211037227">21</xref>,<xref ref-type="bibr" rid="bibr22-20552076211037227">22</xref></sup> and is also related to depression,<sup><xref ref-type="bibr" rid="bibr23-20552076211037227">23</xref></sup> heart disease,<sup><xref ref-type="bibr" rid="bibr24-20552076211037227">24</xref></sup> and overall mortality (particularly less positive emotional words in the latter case).<sup><xref ref-type="bibr" rid="bibr25-20552076211037227">25</xref></sup> Secondly, few mobile sensing tools capture the content of communication, opting instead to focus on communication frequency (e.g. number of texts sent and number of phone calls made<sup><xref ref-type="bibr" rid="bibr26-20552076211037227">26</xref></sup>). As such, focusing on the content of the language represents an important innovation in assessing stress-related signals that may be useful for non-invasively estimating stress-related health risks on a continual basis.</p>
<p>To accomplish this goal, we conducted a longitudinal validation study of healthy young adults in which we used a mobile sensing collection tool called Effortless Assessment of Risk States (EARS)<sup><xref ref-type="bibr" rid="bibr26-20552076211037227">26</xref></sup> to validate naturalistic text collection from smartphones (using a custom keyboard) as an objective behavioral marker of both short-term stress (i.e. perceived and contextual stress, mental health symptoms and biological stress markers) and long-term stress (i.e. cumulative lifetime stress exposure). Focusing on communication content (e.g. affective sentiment) improves upon prior studies that have measured communication frequency only. Furthermore, no study has examined associations between mobile sensing and biological (i.e. immune) markers of stress. Therefore, this study was designed to show if affective language measured noninvasively and in an ecologically valid way is associated with self-reported and biological markers of stress. We focused specifically on healthy young adults given the fact that they are less likely to have already experienced a serious inflammation-related disease. As such, any insights gained from this research could have the ability to potentially identify <italic>pre-clinical</italic> risk processes that could in turn be targeted to reduce the initial onset of disease.</p>
<p>Based on the research summarized above, we hypothesized that more negative sentiment words typed (i.e. more positive sentiment score, more total negative words typed, and less positive to total affective words typed) would be associated with: (a) higher self-reported perceived stress, as measured by the Perceived Stress Scale (PSS); (b) higher self-reported depression and anxiety, as measured by the Depression, Anxiety, and Stress Scales (DASS); (c) greater lifetime stress exposure, as measured by the Stress and Adversity Inventory for Adults (STRAIN); (d) higher basal levels of inflammation, as indexed by salivary C-reactive protein (sCRP) and salivary levels of the key pro-inflammatory cytokine, salivary interleukin-1β (sIL-1β); and (e) fewer self-reported hours of total sleep, as measured by the Pittsburgh Sleep Quality Index (PSQI).</p>
</sec>
<sec id="section2-20552076211037227">
<title>Methods and materials</title>
<sec id="section2A-20552076211037227">
<title>Participants and recruitment</title>
<p>We conducted the Effortless Assessment of Stressful Experiences (EASE) study (University of Oregon Institutional Review Board (IRB) protocol number 07212016.019) in 2016–2017. We assessed 25 healthy young adults (13 male, 12 female; 13 men, 12 women) over fall and winter terms of 2016 and 2017, who were recruited from the university community (<italic>M</italic><sub>age</sub> = 20.64 years old, <italic>SD</italic> = 2.74). Participants provided written informed consent to take part in the study. The inclusion criteria were owning an Android phone and not having an immunological medical condition. Participants self-reported their race/ethnicity as 64% White, 12% Asian, 12% multiracial, and 12% Hispanic. The average yearly total pre-tax income of the participants’ parents was $85,080 (range: $0–$300,000), and parents’ education was 20% high school, 16% some college, 8% associate’s degree, 36% bachelor’s degree, 12% master’s degree, and 8% PhD.</p>
</sec>
<sec id="section2B-20552076211037227">
<title>Procedure</title>
<p>Data were collected twice during the school term: once during a period that was expected to be relatively less academically stressful and then again during a final exam period that was expected to be more stressful. The baseline assessment occurred 3–7 weeks before the first final exam of the term, thus avoiding weeks when participants might have had a midterm or major project due. The follow-up assessment occurred during the week prior to the last final exam. Therefore, each participant had two measurements of each variable (except for our measure of cumulative lifetime stress exposure, which was measured only once, at baseline). For continuous text data, we either averaged a continuous score of sentiment value or totaled by number of affective, positive, and negative words for bing analysis (see later). We administered self-report questionnaires of perceived and contextual stress, mental health symptoms, and sleep duration on the last day of each week of data collection, and asked about mental health symptoms over the past week. To assess participants’ inflammatory levels, we collected saliva samples once per week on the last day of each week.</p>
</sec>
<sec id="section2C-20552076211037227">
<title>Measures</title>
<sec id="section2C1-20552076211037227">
<title>Perceived stress</title>
<p>We assessed perceived stress with the 14-item PSS.<sup><xref ref-type="bibr" rid="bibr27-20552076211037227">27</xref></sup> This version of the PSS consistently has Cronbach’s alpha values over 0.70 across versions used in multiple cultures and countries.<sup><xref ref-type="bibr" rid="bibr28-20552076211037227">28</xref></sup></p>
</sec>
<sec id="section2C2-20552076211037227">
<title>Lifetime stress exposure</title>
<p>We measured lifetime stress exposure using the STRAIN, which is an online stress assessment system that quantifies an individual’s exposure to acute and chronic stressors occurring over the entire life course<sup><xref ref-type="bibr" rid="bibr29-20552076211037227">29</xref></sup> (see <ext-link ext-link-type="uri" xlink:href="https://www.strainsetup.com">https://www.strainsetup.com</ext-link>). The STRAIN uses intelligent logic to shape the interview based on participants’ responses, and it assesses the severity, frequency, timing, and duration of each stressor reported. The STRAIN has been extensively validated in relation to many different psychological, biological, and health outcomes (e.g. Cazassa et al.<sup><xref ref-type="bibr" rid="bibr30-20552076211037227">30</xref></sup>, Mayer et al.<sup><xref ref-type="bibr" rid="bibr30-20552076211037227">30</xref></sup>, and Sturmbauer et al.<sup><xref ref-type="bibr" rid="bibr32-20552076211037227">32</xref></sup>). For analyses, we focused on three of the STRAIN’s main outcomes: total count of all stressors, all acute stressors, and all chronic stressors occurring over the life course. In the STRAIN system, acute stressors are episodic stressors that typically last a day or so and include situations such as getting into an accident or hearing bad news. In contrast, chronic stressors last a month or longer and include situations such as persistent marital, housing, or financial problems.</p>
</sec>
<sec id="section2C3-20552076211037227">
<title>Mental health symptoms</title>
<p>We assessed self-reported symptoms of perceived stress, depression, and anxiety with the 42-item DASS.<sup><xref ref-type="bibr" rid="bibr33-20552076211037227">33</xref></sup> Internal consistency of this version of the DASS is high across clinical and community samples, with Cronbach’s alpha coefficients for the Depression, Anxiety, and Stress scales of 0.97, 0.92, and 0.95, respectively.<sup><xref ref-type="bibr" rid="bibr34-20552076211037227">34</xref></sup></p>
</sec>
<sec id="section2C4-20552076211037227">
<title>Sleep duration</title>
<p>We asked participants about their sleep behaviors over the past week using the PSQI,<sup><xref ref-type="bibr" rid="bibr35-20552076211037227">35</xref></sup> and calculated an average subjective total sleep time in hours per night as a measure of sleep duration.</p>
</sec>
<sec id="section2C5-20552076211037227">
<title>Inflammation</title>
<p>We assessed two markers of basal inflammation involved in the acute phase response<sup><xref ref-type="bibr" rid="bibr36-20552076211037227">36</xref></sup> that are known to be associated with psychosocial stress and mental health: the acute-phase protein sCRP and the cytokine sIL-1β (for a review, see Howren et al.<sup><xref ref-type="bibr" rid="bibr8-20552076211037227">8</xref></sup>). CRP is a general inflammatory and somatic maintenance marker<sup><xref ref-type="bibr" rid="bibr37-20552076211037227">37</xref></sup> that activates the complement system, which is responsible for the body’s systemic inflammatory response to pathogens and tissue damage.<sup><xref ref-type="bibr" rid="bibr38-20552076211037227">38</xref></sup> Elevated levels have been shown to be associated with various psychosocial stressors<sup><xref ref-type="bibr" rid="bibr39-20552076211037227">39</xref><xref ref-type="bibr" rid="bibr40-20552076211037227"/>–<xref ref-type="bibr" rid="bibr39-20552076211037227">41</xref></sup> as well as a variety of chronic disease conditions.<sup><xref ref-type="bibr" rid="bibr4-20552076211037227">4</xref></sup> IL-1β is a key pro-inflammatory cytokine produced by immune cells<sup><xref ref-type="bibr" rid="bibr42-20552076211037227">42</xref></sup> that is responsive to psychological stress<sup><xref ref-type="bibr" rid="bibr43-20552076211037227">43</xref>,<xref ref-type="bibr" rid="bibr44-20552076211037227">44</xref></sup> and is associated with a variety of mental health conditions, including depression.<sup><xref ref-type="bibr" rid="bibr45-20552076211037227">45</xref></sup></p>
<p>We assessed these inflammatory markers in saliva to see whether inflammation measured under basal conditions (i.e. not in response to stress) was associated with self-reported and passive sensing measures of stress. In this way, the inflammatory measures were considered to be measures of inflammatory health rather than stress-related biological reactivity. We sampled saliva because levels of localized inflammatory markers from the oral compartment have been shown to be sensitive to social stress<sup><xref ref-type="bibr" rid="bibr46-20552076211037227">46</xref>,<xref ref-type="bibr" rid="bibr47-20552076211037227">47</xref></sup> and are associated with psychological health.<sup><xref ref-type="bibr" rid="bibr48-20552076211037227">48</xref>,<xref ref-type="bibr" rid="bibr49-20552076211037227">49</xref></sup> Salivary markers of inflammation also have been related to activity in brain regions implicated in depression and social stress.<sup><xref ref-type="bibr" rid="bibr47-20552076211037227">47</xref>,<xref ref-type="bibr" rid="bibr50-20552076211037227">50</xref></sup> This may partly be due to a process whereby the brain receives information from the local trigeminal nerve during acute oral inflammation.<sup><xref ref-type="bibr" rid="bibr51-20552076211037227">51</xref></sup> In addition, sCRP has been shown to be associated with CRP levels in blood at medium-to-large effect sizes,<sup><xref ref-type="bibr" rid="bibr52-20552076211037227">52</xref><xref ref-type="bibr" rid="bibr53-20552076211037227"/>–<xref ref-type="bibr" rid="bibr52-20552076211037227">54</xref></sup> although one study found blood and sCRP were not related,<sup><xref ref-type="bibr" rid="bibr55-20552076211037227">55</xref></sup> and the correlation between salivary and blood levels of IL-1β is not yet known.</p>
<p>A research assistant collected 2 mL of whole, unstimulated saliva into a polystyrene transport tube (Corning Axygen) from each participant, using the passive drool method. The research assistant then placed the sample immediately into an −80°C freezer for storage until it was shipped overnight on dry ice for analysis. The research assistant also recorded participants’ body temperature on the forehead with an Exergen temporal artery digital thermometer; however, no participants measured over 100.4°F/38°C; so, none were excluded based on fever.</p>
<p>The Stress Physiology Investigative Team (SPIT) lab at Iowa State University conducted the immunological assays using Salimetrics enyme-linked immunosorbent assay (ELISA) kits (Carlsbad, CA). The inter-assay coefficients of variations (CVs) were calculated from optical density and were 3.82% for sCRP and 7.39% for sIL-1β; the intra-assay CVs, in turn, were for 3.17% CRP and 1.47% for IL-1β. For assay values that were out of range (either too high, i.e. right-censored, or low, i.e. left-censored, for the assay to detect), we winsorized these values in the same way that we winsorized outliers that were &gt;3 SDs. There were no left-censored immune values and no right-censored sIL-1β values, but there were five right-censored sCRP values. The sCRP skew was 1.06 and kurtosis was 2.58, and the sIL-1β skew was 1.50 and kurtosis was 5.03; so, both were log transformed. Whereas this transformation improved the sIL-1β skew statistics, it did not improve sCRP; therefore, only sIL-1β values were transformed for analyses.</p>
</sec>
<sec id="section2C6-20552076211037227">
<title>Affective language use</title>
<p>The first version of the EARS tool included a custom keyboard installed on the user’s smartphone that logged every third word they typed into the phone across all apps, not including passwords or credit card information. For this study, we captured only every third word to err on the side of protecting the privacy and confidentiality of participants’ information and communications. This conservative approach limited our unit of analysis to the unigram (i.e. single words). Although phrase- and vector-based approaches tend to outperform unigram-based approaches, there is a rich literature of robust unigram-based findings through using the Linguistic Inquiry and Word Count,<sup><xref ref-type="bibr" rid="bibr56-20552076211037227">56</xref></sup> including research showing that unigram-based approaches can detect differences in stress (e.g. Coppersmith et al.<sup><xref ref-type="bibr" rid="bibr57-20552076211037227">57</xref></sup> and Guntuku et al.<sup><xref ref-type="bibr" rid="bibr58-20552076211037227">58</xref></sup>). For more information on the EARS tool and changes to newer versions, refer to the paper describing the tool.<sup><xref ref-type="bibr" rid="bibr26-20552076211037227">26</xref></sup></p>
<p>We analyzed text sentiment (i.e. unigrams) using the R package tidytext<sup><xref ref-type="bibr" rid="bibr59-20552076211037227">59</xref></sup> with two different lexicons: “AFINN”<sup><xref ref-type="bibr" rid="bibr60-20552076211037227">60</xref></sup> and “bing.”<sup><xref ref-type="bibr" rid="bibr61-20552076211037227">61</xref></sup> For words in the dataset that exist in each affective dictionary (i.e. only including words that are marked as affective, not neutral words), AFINN gives a continuous scale value based on sentiment value of each word, whereas bing categorizes each word as either positive or negative sentiment and then totals the number in each category. We calculated five affective scores for each participant: (a) the average AFINN score, which is a number between −5 and 5, with negative numbers representing more negative sentiment; (b) the total number of negative words typed over the week using the bing lexicon; (c) the total number of positive words typed over the week using the bing lexicon; (d) the total number affective (negative + positive words) typed over the week using the bing lexicon; and (e) the ratio of total positive words to total affective (positive + negative) words using the bing lexicon (i.e. the proportion of affective words that are positive). Additionally, we calculated the total words typed post-hoc, regardless of affective sentiment, to see whether any effects were simply due to the amount typed rather than to affect specifically, and a ratio of total affective words to total (any) words typed. The word totals reported are for the entire week but they represent only about a third of the total number of words actually typed because we only collected every third word.</p>
</sec>
</sec>
<sec id="section2D-20552076211037227">
<title>Data analysis</title>
<p>Due to the exploratory nature of this study, effect sizes are used to describe all strength of associations. To assess whether there was within-person variability across stressful contexts, we first examined differences by week for each variable. We first examined differences in weeks for each variable using a two-tailed paired <italic>t</italic>-test, but the only variable that significantly changed across weeks was the DASS anxiety subscale (mean week 1 = 5.24, mean week 2 = 7.67, <italic>t</italic>(23) = −2.14, 95%CI [−4.35, −0.07], <italic>p</italic> = 0.04; remaining statistics for null changes not shown). Therefore, we ultimately averaged each variable across the weeks and only used one (averaged) measure per person in subsequent analyses. Due to the exploratory and cross-sectional nature of the study, we then calculated Pearson’s correlations (i.e. did not include any covariates) between all mobile sensing variables (AFINN score, bing total negative words, bing total positive words, bing total affective words, and bing positive-to-total affective words ratio) and traditional markers of stress exposure and impact [perceived stress, total lifetime stressors (i.e. acute + chronic), total lifetime acute stressors, total lifetime chronic stressors, depression, stress, anxiety, average hours of sleep, sCRP, and sIL-1β].</p>
</sec>
</sec>
<sec id="section3-20552076211037227" sec-type="results">
<title>Results</title>
<sec id="section3A-20552076211037227">
<title>Descriptive statistics and correlations</title>
<p><xref ref-type="table" rid="table1-20552076211037227">Table 1</xref> shows the values and SDs of all of the main study variables, averaged across weeks. Three participants did not have week 1 text data recorded, so only week 2 is reported instead of an average across weeks for those participants. Cronbach’s alpha statistics for the questionnaires with scales were 0.89 for DASS stress, 0.79 for DASS anxiety, 0.89 for DASS depression, and 0.80 for the PSS. Time of saliva collection ranged from 7:45 a.m. to 3:20 p.m. (<italic>M</italic> = 10:57 a.m.), and these times were not related to levels of sCRP (<italic>r</italic> = −0.06, <italic>p</italic> = 0.70) or sIL-1β (<italic>r</italic> = 0.12, <italic>p</italic> = 0.44). <xref ref-type="fig" rid="fig1-20552076211037227">Figure 1</xref> shows the correlation effect sizes across all of the main study variables.</p>
<fig id="fig1-20552076211037227" position="float">
<label>Figure 1.</label>
<caption><p>Effect sizes (Pearson’s correlations) between all variables.</p></caption>
<graphic xlink:href="10.1177_20552076211037227-fig1.tif"/><attrib>DASS: Depression, Anxiety, and Stress Scale; PSS: Perceived Stress Scale; sCRP: salivary C-reactive protein; sIL-1β: salivary interleukin-1β; STRAIN: Stress and Adversity Inventory. AFINN is not an acronym.</attrib>
</fig>
<table-wrap id="table1-20552076211037227" position="float">
<label>Table 1.</label>
<caption><p>Descriptive variables.</p></caption><alternatives>
<graphic xlink:href="10.1177_20552076211037227-table1.tif"/>
<table>
<colgroup>
<col align="left"/>
<col align="char"/>
</colgroup>
<thead>
<tr>
<th align="left">Measure</th>
<th align="left">Mean ± SD (range)</th>
</tr>
</thead>
<tbody>
<tr>
<td>PSS total score</td>
<td>24.52 ± 8.65 (6.5–38.5)</td>
</tr>
<tr>
<td>STRAIN total lifetime count of all stressors<sup><xref ref-type="table-fn" rid="table-fn2-20552076211037227">a</xref></sup></td>
<td>22.39 ± 15.82 (9–68)</td>
</tr>
<tr>
<td>STRAIN total lifetime count of acute stressors<sup><xref ref-type="table-fn" rid="table-fn2-20552076211037227">a</xref></sup></td>
<td>10.57 ± 9.99 (2–37)</td>
</tr>
<tr>
<td>STRAIN total lifetime count of chronic stressors<sup><xref ref-type="table-fn" rid="table-fn2-20552076211037227">a</xref></sup></td>
<td>11.83 ± 6.30 (5–31)</td>
</tr>
<tr>
<td>DASS anxiety</td>
<td>6.30 ± 4.71 (0–16)</td>
</tr>
<tr>
<td>DASS depression</td>
<td>6.66 ± 5.32 (0–17)</td>
</tr>
<tr>
<td>DASS stress</td>
<td>10.98 ± 7.78 (0.5–29)</td>
</tr>
<tr>
<td>PSQI average hours sleep per night</td>
<td>6.97 ± 1.32 (3.5–9)</td>
</tr>
<tr>
<td>Raw sIL-1β (pg/ml)</td>
<td>23.51 ± 17.77 (9.56–81.45)</td>
</tr>
<tr>
<td>Raw sCRP<sup><xref ref-type="table-fn" rid="table-fn3-20552076211037227">b</xref></sup> (pg/ml)</td>
<td>868.46 ± 890.98 (12.78–2764.14)</td>
</tr>
<tr>
<td>Ln(sIL-1β)</td>
<td>2.92 ± 0.62 (1.50–4.20)</td>
</tr>
<tr>
<td>AFINN total score<sup>c</sup></td>
<td>0.60 ± 0.78 (−1.57–2)</td>
</tr>
<tr>
<td>Bing total negative words<sup>c</sup></td>
<td>10.83 ± 10.37 (0–42.5)</td>
</tr>
<tr>
<td>Bing total positive words<sup>c</sup></td>
<td>14.77 ± 14.77 (0–56)</td>
</tr>
<tr>
<td>Bing total affective words<sup>c</sup></td>
<td>25.60 ± 24.45 (0–98.5)</td>
</tr>
<tr>
<td>Bing positive to total affective words ratio<sup>c</sup></td>
<td>0.57 ± 0.21 (0–1)</td>
</tr>
<tr>
<td>Total words typed<sup>c</sup></td>
<td>725.06 ± 623.32 (1.5–2549)</td>
</tr>
<tr>
<td>Bing affective to total words ratio<sup>c</sup></td>
<td>0.03 ± 0.01 (0–0.06)</td>
</tr>
</tbody>
</table></alternatives>
<table-wrap-foot>
<fn id="table-fn1-20552076211037227"><p>DASS: Depression, Anxiety, and Stress Scale; PSQI: Pittsburgh Sleep Quality Index; PSS: Perceived Stress Scale; sCRP: salivary C-reactive protein; sIL-1β: salivary interleukin-1β; STRAIN: Stress and Adversity Inventory. AFINN is not an acronym.</p></fn>
<fn id="table-fn2-20552076211037227">
<label><sup>a</sup></label>
<p>The STRAIN was only administered once during the study, as it assesses lifetime stress exposure, so the resulting scores are not averaged.</p></fn>
<fn id="table-fn3-20552076211037227">
<label><sup>b</sup></label>
<p>Transforming the CRP values did not improve skew; so, the raw values were used for analyses<italic>.</italic></p></fn>
<fn id="table-fn4-20552076211037227">
<label><sup>c</sup></label>
<p>Three participants did not have week 1 text data recorded, so only week 2 is reported (instead of an average across weeks) for those participants.</p></fn>
</table-wrap-foot>
</table-wrap>
</sec>
<sec id="section3B-20552076211037227">
<title>Visualization of effects</title>
<p><xref ref-type="fig" rid="fig2-20552076211037227">Figure 2</xref> highlights medium and large effect sizes of correlations for measures of different types (i.e. effect sizes of correlations between self-report questionnaires, or between text measures, or between the two immune markers, are not illustrated). In addition to the correlations depicted in <xref ref-type="fig" rid="fig2-20552076211037227">Figure 2</xref>, most of the self-reported questionnaires were also correlated with one another. Moreover, higher scores on the PSS, DASS anxiety, DASS stress, and STRAIN total, STRAIN acute, and STRAIN chronic stressor count were all associated with fewer average hours of sleep per night.</p>
<fig id="fig2-20552076211037227" position="float">
<label>Figure 2.</label>
<caption><p>Medium and large effect sizes for mobile sensing variables.</p></caption>
<graphic xlink:href="10.1177_20552076211037227-fig2.tif"/><attrib>DASS: Depression, Anxiety, and Stress Scale; PSS: Perceived Stress Scale; sCRP: salivary C-reactive protein; sIL-1β: salivary interleukin-1β; STRAIN: Stress and Adversity Inventory. AFINN is not an acronym.</attrib>
</fig>
</sec>
<sec id="section3C-20552076211037227">
<title>Summary of hypothesized results</title>
<p>Overall, some of our naturalistic measures of affective language use were associated with several markers of biological and self-reported stress (for exact correlation effect sizes, see <xref ref-type="fig" rid="fig1-20552076211037227">Figure 1</xref>). The total number of negative words typed was moderately associated with higher scores on the PSS and DASS stress scales, and strongly associated with experiencing more lifetime stressors, acute stressors, and chronic stressors, as assessed by the STRAIN. Total number of negative words typed was also strongly related to fewer hours of sleep. Results were similar for total affective (i.e. positive and negative) words. A more negative affective language sentiment (AFINN) score was moderately associated with higher levels of sCRP. The ratio of positive as compared to total affective words was associated with higher scores on the DASS depression scale, but no other measure of affective language use was associated with DASS depression.</p>
</sec>
<sec id="section3D-20552076211037227">
<title>Post-hoc analysis</title>
<p>We also examined post-hoc if similar associations were evident for total words (i.e. any content) typed, rather than for affective words typed (refer to <xref ref-type="fig" rid="fig1-20552076211037227">Figure 1</xref> for effect sizes). The number of total words typed was moderately associated with higher scores on the PSS and DASS stress scales, and with fewer hours sleep, and was strongly related to experiencing more total lifetime stressors, acute stressors, and chronic stressors as assessed by the STRAIN. Therefore, we conducted another post-hoc analysis to investigate whether any of these variables were related to a ratio of total affective words to total words typed. However, there were no medium-to-large effect sizes (see <xref ref-type="fig" rid="fig1-20552076211037227">Figure 1</xref> for the exact correlations).</p>
</sec>
</sec>
<sec id="section4-20552076211037227" sec-type="discussion">
<title>Discussion</title>
<p>Although stress is a central construct in most major models of mental and physical health, it can be challenging to assess, especially in a continuous, non-intrusive manner. To address this issue, we conducted a preliminary study examining how text collected using mobile sensing is associated with self-report and biological markers of stress exposure and impact. Overall, we found evidence that the mobile sensing data were associated with other measures of stress. More specifically, as hypothesized, more total negative sentiment words typed was strongly associated with the number of total, acute, and chronic stressors experienced over the life course, as well as with fewer hours slept. Typing more negative sentiment words was also moderately related to higher levels of perceived stress. In addition, a more negative sentiment AFINN score was moderately associated with higher levels of inflammation, as indexed by sCRP. Although additional research with larger sample sizes is needed to further validate these associations, based on these initial data, we suggest that naturalistic text collected unobtrusively from smartphones could potentially be a promising objective marker of stress.</p>
<p>Of note, total affective words (i.e. both positive and negative)—and also total words typed regardless of affective sentiment—were both associated with the outcomes assessed. Total words are likely more important than the affective sentiment, at least when measuring unigrams, and this is reflected in our post-hoc analysis showing the ratio of affective to total words was not associated with psychosocial and biological stress variables. Although our proportion of affective words to total words (about 3%) seems low, it is consistent with other studies of affective words using a different dictionary.<sup><xref ref-type="bibr" rid="bibr62-20552076211037227">62</xref></sup> A count of total words typed may represent how much the person is typing and using their phone, potentially due to circumstances such as how busy they are. This possibility is further supported by the negative correlation observed between total words typed and hours of sleep. Future research (a) should consider individual changes in total number of words typed as a possible marker of stress, regardless of affective sentiment (such as rumination); (b) measure potential confounds of this association, just as social network size; and (c) collect all words instead of every third word to enable analysis of text data as phrases using more advanced natural language processing techniques.</p>
<p>A higher proportion of affective words that were positive was strongly related to reporting more depressive symptoms. The direction of this relation is counterintuitive, and may represent a false positive, given the exploratory nature of the study with a small sample size. Nevertheless, it may be worth further exploring in future studies whether individual changes in sentiment compared to other affective words may be a marker of stress.</p>
<p>In terms of the biological data collected, participants’ AFINN scores were not associated with any of the self-report measures administered; however, a more positive AFINN score was related to lower levels of the inflammatory marker sCRP, suggesting that affective language use may be reflective of this immune process. Both sIL-1β and sCRP are often assumed to be markers of biological stress, with higher levels representing more acute inflammation. In this study, greater lifetime stress exposure as assessed by the STRAIN was related to higher levels of sIL-1β but lower levels of sCRP. It is possible that sCRP at normal levels (i.e. as observed in this sample of physically healthy young adults) is really more a marker of somatic maintenance (and sometimes anti-inflammatory processes) rather than a marker of acute inflammation.<sup><xref ref-type="bibr" rid="bibr37-20552076211037227">37</xref></sup> Yet, higher levels of sIL-1β were also associated with less perceived stress, and so we caution against overinterpreting these results, again, given the relatively small sample size. Future studies should collect multiple measures of inflammation, since it is not entirely clear that sCRP is only pro-inflammatory at lower, non-clinical levels. Furthermore, although we collected measures of basal inflammation, salivary markers of inflammation such as IL-6 and tumor necrosis factor (TNF)-α are responsive to acute stressors.<sup><xref ref-type="bibr" rid="bibr63-20552076211037227">63</xref></sup> Future research may show that measures of inflammatory reactivity, rather than basal inflammation, are associated with mobile sensing measures.</p>
<p>Finally, the largest effect sizes observed for the mobile sensing text data were in relation to the total number of all stressors, acute stressors, and chronic stressors experienced over the life course, as measured by the STRAIN. A lifetime history of exposure to stress and adversity is a significant risk factor for poor mental and physical health.<sup><xref ref-type="bibr" rid="bibr64-20552076211037227">64</xref></sup> Future studies with larger sample sizes are needed to assess lifetime stress exposure as an individual difference in the association between mobile sensing data and mental health outcomes.</p>
<p>The main limitation of this study was the sample size. Due to its exploratory nature, we only reported effect sizes rather than significance testing, and it is possible that the effects may not replicate in larger samples. Additionally, the study only focused on keyboard text data as one mobile sensing measure. Future research should include a range of passive measures known to be associated with stress and mental health that can be easily collected from smartphones, including sleep activity and sleep problems (in addition to sleep duration),<sup><xref ref-type="bibr" rid="bibr65-20552076211037227">65</xref></sup> geolocation,<sup><xref ref-type="bibr" rid="bibr66-20552076211037227">66</xref></sup> facial expression,<sup><xref ref-type="bibr" rid="bibr67-20552076211037227">67</xref></sup> and speech acoustics.<sup><xref ref-type="bibr" rid="bibr68-20552076211037227">68</xref></sup> Furthermore, to provide an initial test of whether mobile sensing measures are associated with biological markers of stress before the emergence of disease, we conducted this study in a sample that was unlikely to have experienced inflammatory disease. Therefore, the generalizability of the present results to samples with more diverse ages, ethnicities, and socioeconomic backgrounds remains to be investigated. For example, the age of the sample and the fact that they attended a university may mean that they have (a) more daily phone use than older populations; (b) more often use their phones for school, which may influence the content and usage of the phone, and especially the text inputted; and (c) have higher socioeconomic status and access to newer phones that have more functionality, which also support more phone use. In other samples, we may need to collect more data across longer time periods, or we may find that the association observed here between stress and total words typed does not replicate. For example, other participants who do not use their phones for academic activities may not show the same associations that we observed between total words typed and stress. We believe that if mobile sensing research is to serve everyone and improve global health, it will be important for future mobile sensing research to include participants from all backgrounds, including those from marginalized populations, who are often underrepresented in mental and physical health research.</p>
</sec>
<sec id="section5-20552076211037227" sec-type="conclusions">
<title>Conclusions</title>
<p>In conclusion, we found that mobile sensing text data are associated with other well-validated measures of stress, including higher levels of self-reported perceived stress; more total, acute, and chronic lifetime stress exposure; higher levels of salivary inflammation as indexed by sCRP; and fewer self-reported hours slept. These data thus demonstrate the potential promise of using mobile sensing data to help identify individuals at increased risk of developing stress-related health problems. Looking forward, additional research is needed to collect phrases of text (instead of only unigrams), to use mobile sensing measures other than keyboard text, and to assess other biological and inflammatory biomarkers of stress exposure and disease risk.</p>
</sec>
</body>
<back>
<ack>
<title>Acknowledgments</title>
<p>The authors wish to thank the participants in this study for their time and effort, as well as research assistant Nick Livingstone for collecting the data, the Stress Physiology Investigative Team (SPIT) lab at Iowa State University for conducting the immunological assays, and Grant Shields for assisting with the STRAIN data.</p>
</ack>
<fn-group>
<fn fn-type="other">
<label>Author contributions</label>
<p>MLB, MNL, SRH, KLM, BWN, MLB, and NBA contributed to the conception and design, and gaining ethical approval; MLB, MNL, SRH, KLM, BWN, and MLB were involved with data acquisition and analysis; MLB, MNL, GMS, and NBA interpreted the data; MLB, MNL, and NBA drafted the article; and MLB, MNL, SRH, KLM, BWN, MLB, GMS, and NBA revised and finalized the manuscript. All authors reviewed and approved the final submitted version.</p></fn>
<fn fn-type="conflict">
<label>Declaration of conflicting interests</label>
<p>The authors declared the following potential conflicts of interest with respect to the research, authorship, and/or publication of this article: Using mobile sensing data to assess stress: Associations with perceived and lifetime stress, mental health, sleep, and inflammation. Nicholas Allen and Michelle Byrne both hold equity interests in Ksana Health Inc., a company that has the sole commercial license for certain versions of the Effortless Assessment of Risk States (EARS) mobile phone application and some related EARS tools. The other authors have nothing else to disclose.</p></fn>
<fn fn-type="other">
<label>Ethical approval</label>
<p>The ethics committee of University of Oregon approved this study (IRB protocol no. 07212016.019).</p></fn>
<fn fn-type="financial-disclosure">
<label>Funding</label>
<p>This study was funded by the Stress Measurement Network via a grant from the National Institute on Aging (R24AG048024). MLB was supported by the National Institute of Mental Health of the National Institutes of Health under Award Number K01MH111951. GMS was supported by a Society in Science—Branco Weiss Fellowship, NARSAD Young Investigator grant #23958 from the Brain &amp; Behavior Research Foundation, and National Institutes of Health grant K08 MH103443. The content is solely the responsibility of the authors and does not necessarily represent the official views of the NIH. A preprint of this manuscript is available at <ext-link ext-link-type="uri" xlink:href="https://psyarxiv.com/z85qj">https://psyarxiv.com/z85qj</ext-link>.</p></fn>
<fn fn-type="other">
<label>Guarantor</label>
<p>NBA.</p></fn>
<fn fn-type="other">
<label>ORCID iDs</label>
<p>Michelle L Byrne <ext-link ext-link-type="uri" xlink:href="https://orcid.org/0000-0002-4180-8095">https://orcid.org/0000-0002-4180-8095</ext-link></p>
<p>Melissa L Barnes <ext-link ext-link-type="uri" xlink:href="https://orcid.org/0000-0002-8745-0287">https://orcid.org/0000-0002-8745-0287</ext-link></p>
<p>George M Slavich <ext-link ext-link-type="uri" xlink:href="https://orcid.org/0000-0001-5710-3818">https://orcid.org/0000-0001-5710-3818</ext-link></p></fn>
</fn-group>
<ref-list><title>References</title>
<ref id="bibr1-20552076211037227"><label>1</label><mixed-citation publication-type="journal"><person-group person-group-type="author"><name><surname>Murray</surname><given-names>CJL</given-names></name><name><surname>Vos</surname><given-names>T</given-names></name><name><surname>Lozano</surname><given-names>R</given-names></name></person-group>, <etal>et al.</etal> <article-title>Disability-adjusted life years (DALYs) for 291 diseases and injuries in 21 regions, 1990–2010: a systematic analysis for the global burden of disease study 2010</article-title>. <source>Lancet</source> <year>2012</year>; <volume>380</volume>: <fpage>2197</fpage>–<lpage>2223</lpage>.</mixed-citation></ref>
<ref id="bibr2-20552076211037227"><label>2</label><mixed-citation publication-type="journal"><person-group person-group-type="author"><name><surname>James</surname><given-names>SL</given-names></name><name><surname>Abate</surname><given-names>D</given-names></name><name><surname>Abate</surname><given-names>KH</given-names></name></person-group>, <etal>et al.</etal> <article-title>Global, regional, and national incidence, prevalence, and years lived with disability for 354 diseases and injuries for 195 countries and territories, 1990–2017: a systematic analysis for the Global Burden of Disease Study 2017</article-title>. <source>Lancet</source> <year>2018</year>; <volume>392</volume>: <fpage>1789</fpage>–<lpage>1858</lpage>.</mixed-citation></ref>
<ref id="bibr3-20552076211037227"><label>3</label><mixed-citation publication-type="journal"><person-group person-group-type="author"><name><surname>Forouzanfar</surname><given-names>MH</given-names></name><name><surname>Afshin</surname><given-names>A</given-names></name><name><surname>Alexander</surname><given-names>LT</given-names></name></person-group>, <etal>et al.</etal> <article-title>Global, regional, and national comparative risk assessment of 79 behavioural, environmental and occupational, and metabolic risks or clusters of risks, 1990–2015: a systematic analysis for the Global Burden of Disease Study 2015</article-title>. <source>Lancet</source> <year>2016</year>; <volume>388</volume>: <fpage>1659</fpage>–<lpage>1724</lpage>.</mixed-citation></ref>
<ref id="bibr4-20552076211037227"><label>4</label><mixed-citation publication-type="journal"><person-group person-group-type="author"><name><surname>Furman</surname><given-names>D</given-names></name><name><surname>Campisi</surname><given-names>J</given-names></name><name><surname>Verdin</surname><given-names>E</given-names></name></person-group>, <etal>et al.</etal> <article-title>Chronic inflammation in the etiology of disease across the life span</article-title>. <source>Nat Med</source> <year>2019</year>; <volume>25</volume>: <fpage>1822</fpage>–<lpage>1832</lpage>.</mixed-citation></ref>
<ref id="bibr5-20552076211037227"><label>5</label><mixed-citation publication-type="journal"><person-group person-group-type="author"><name><surname>Danesh</surname><given-names>J</given-names></name><name><surname>Wheeler</surname><given-names>JG</given-names></name><name><surname>Hirschfield</surname><given-names>GM</given-names></name></person-group>, <etal>et al.</etal> <article-title>C-reactive protein and other circulating markers of inflammation in the prediction of coronary heart disease</article-title>. <source>N Engl J Med</source> <year>2004</year>; <volume>350</volume>: <fpage>1387</fpage>–<lpage>1397</lpage>.</mixed-citation></ref>
<ref id="bibr6-20552076211037227"><label>6</label><mixed-citation publication-type="journal"><person-group person-group-type="author"><name><surname>Visser</surname><given-names>M</given-names></name><name><surname>Bouter</surname><given-names>LM</given-names></name><name><surname>McQuillan</surname><given-names>GM</given-names></name></person-group><etal>,</etal> <etal>et al.</etal> <article-title>Elevated C-reactive protein levels in overweight and obese adults</article-title>. <source>JAMA</source> <year>1999</year>; <volume>282</volume>: <fpage>2131</fpage>–<lpage>2135</lpage>.</mixed-citation></ref>
<ref id="bibr7-20552076211037227"><label>7</label><mixed-citation publication-type="journal"><person-group person-group-type="author"><name><surname>Wee</surname><given-names>CC</given-names></name><name><surname>Mukamal</surname><given-names>KJ</given-names></name><name><surname>Huang</surname><given-names>A</given-names></name></person-group>, <etal>et al.</etal> <article-title>Obesity and C-reactive protein levels among White, Black, and Hispanic US adults</article-title>. <source>Obesity</source> <year>2008</year>; <volume>16</volume>: <fpage>875</fpage>–<lpage>880</lpage>.</mixed-citation></ref>
<ref id="bibr8-20552076211037227"><label>8</label><mixed-citation publication-type="journal"><person-group person-group-type="author"><name><surname>Howren</surname><given-names>MB</given-names></name><name><surname>Lamkin</surname><given-names>DM</given-names></name><name><surname>Suls</surname><given-names>J</given-names></name></person-group>. <article-title>Associations of depression with C-reactive protein, IL-1, and IL-6: a meta-analysis</article-title>. <source>Psychosom Med</source> <year>2009</year>; <volume>71</volume>: <fpage>171</fpage>–<lpage>186</lpage>.</mixed-citation></ref>
<ref id="bibr9-20552076211037227"><label>9</label><mixed-citation publication-type="journal"><person-group person-group-type="author"><name><surname>Slavich</surname><given-names>GM</given-names></name><name><surname>Irwin</surname><given-names>MR</given-names></name></person-group> <article-title>From stress to inflammation and major depressive disorder: a social signal transduction theory of depression</article-title>. <source>Psychol Bull</source> <year>2014</year>; <volume>140</volume>: <fpage>774</fpage>–<lpage>815</lpage>.</mixed-citation></ref>
<ref id="bibr10-20552076211037227"><label>10</label><mixed-citation publication-type="journal"><person-group person-group-type="author"><name><surname>Clarke</surname><given-names>DM</given-names></name><name><surname>Currie</surname><given-names>KC</given-names></name></person-group>. <article-title>Depression, anxiety and their relationship with chronic diseases: a review of the epidemiology, risk and treatment evidence</article-title>. <source>Med J Aust</source> <year>2009</year>; <volume>190</volume>: <fpage>S54</fpage>–<lpage>S60</lpage>.</mixed-citation></ref>
<ref id="bibr11-20552076211037227"><label>11</label><mixed-citation publication-type="journal"><person-group person-group-type="author"><name><surname>Egede</surname><given-names>LE</given-names></name></person-group>. <article-title>Major depression in individuals with chronic medical disorders: prevalence, correlates and association with health resource utilization, lost productivity and functional disability</article-title>. <source>Gen Hosp Psychiatry</source> <year>2007</year>; <volume>29</volume>: <fpage>409</fpage>–<lpage>416</lpage>.</mixed-citation></ref>
<ref id="bibr12-20552076211037227"><label>12</label><mixed-citation publication-type="journal"><person-group person-group-type="author"><name><surname>Vancampfort</surname><given-names>D</given-names></name><name><surname>Koyanagi</surname><given-names>A</given-names></name><name><surname>Ward</surname><given-names>PB</given-names></name></person-group>, <etal>et al.</etal> <article-title>Perceived stress and its relationship with chronic medical conditions and multimorbidity among 229,293 community-dwelling adults in 44 low- and middle-income countries</article-title>. <source>Am J Epidemiol</source> <year>2017</year>; <volume>186</volume>: <fpage>979</fpage>–<lpage>989</lpage>.</mixed-citation></ref>
<ref id="bibr13-20552076211037227"><label>13</label><mixed-citation publication-type="journal"><person-group person-group-type="author"><name><surname>Renzaho</surname><given-names>AMN</given-names></name><name><surname>Houng</surname><given-names>B</given-names></name><name><surname>Oldroyd</surname><given-names>J</given-names></name></person-group>, <etal>et al.</etal> <article-title>Stressful life events and the onset of chronic diseases among Australian adults: findings from a longitudinal survey</article-title>. <source>Eur J Public Health</source> <year>2014</year>; <volume>24</volume>: <fpage>57</fpage>–<lpage>62</lpage>.</mixed-citation></ref>
<ref id="bibr14-20552076211037227"><label>14</label><mixed-citation publication-type="journal"><person-group person-group-type="author"><name><surname>Hyyppa</surname><given-names>M</given-names></name></person-group>. <article-title>Quality of sleep and chronic illnesses</article-title>. <source>J Clin Epidemiol</source> <year>1989</year>; <volume>42</volume>: <fpage>633</fpage>–<lpage>638</lpage>.</mixed-citation></ref>
<ref id="bibr15-20552076211037227"><label>15</label><mixed-citation publication-type="journal"><person-group person-group-type="author"><name><surname>Girard</surname><given-names>JM</given-names></name><name><surname>Cohn</surname><given-names>JF</given-names></name><name><surname>Mahoor</surname><given-names>MH</given-names></name></person-group>, <etal>et al.</etal> <article-title>Nonverbal social withdrawal in depression: evidence from manual and automatic analyses</article-title>. <source>Image Vis Comput</source> <year>2014</year>; <volume>32</volume>: <fpage>641</fpage>–<lpage>647</lpage>.</mixed-citation></ref>
<ref id="bibr16-20552076211037227"><label>16</label><mixed-citation publication-type="journal"><person-group person-group-type="author"><name><surname>Lopresti</surname><given-names>AL</given-names></name><name><surname>Hood</surname><given-names>SD</given-names></name><name><surname>Drummond</surname><given-names>PD</given-names></name></person-group>. <article-title>A review of lifestyle factors that contribute to important pathways associated with major depression: diet, sleep and exercise</article-title>. <source>J Affect Disord</source> <year>2013</year>; <volume>148</volume>: <fpage>12</fpage>–<lpage>27</lpage>.</mixed-citation></ref>
<ref id="bibr17-20552076211037227"><label>17</label><mixed-citation publication-type="journal"><person-group person-group-type="author"><name><surname>Randall</surname><given-names>WM</given-names></name><name><surname>Rickard</surname><given-names>NS</given-names></name></person-group>. <article-title>Reasons for personal music listening: a mobile experience sampling study of emotional outcomes</article-title>. <source>Psychol Music</source> <year>2017</year>; <volume>45</volume>: <fpage>479</fpage>–<lpage>495</lpage>.</mixed-citation></ref>
<ref id="bibr18-20552076211037227"><label>18</label><mixed-citation publication-type="journal"><person-group person-group-type="author"><name><surname>Rude</surname><given-names>S</given-names></name><name><surname>Gortner</surname><given-names>E-M</given-names></name><name><surname>Pennebaker</surname><given-names>J</given-names></name></person-group>. <article-title>Language use of depressed and depression-vulnerable college students</article-title>. <source>Cognit Emot</source> <year>2004</year>; <volume>18</volume>: <fpage>1121</fpage>–<lpage>1133</lpage>.</mixed-citation></ref>
<ref id="bibr19-20552076211037227"><label>19</label><mixed-citation publication-type="confproc"><person-group person-group-type="author"><name><surname>Wang</surname><given-names>F</given-names></name><name><surname>Wang</surname><given-names>Y</given-names></name><name><surname>Wang</surname><given-names>J</given-names></name></person-group>, <etal>et al.</etal> <article-title>Assessing mental stress based on smartphone sensing data: an empirical study</article-title>. In <conf-name>2019 IEEE SmartWorld, ubiquitous intelligence &amp; computing, advanced &amp; trusted computing, scalable computing &amp; communications, cloud &amp; big data computing, internet of people and smart city innovation (SmartWorld/SCALCOM/UIC/ATC/CBDCom/IOP/SCI)</conf-name>, <year>2019</year>, pp. <fpage>1031</fpage>–<lpage>1038</lpage>. <publisher-name>IEEE</publisher-name>. <comment>doi:10.1109/SmartWorld-UIC-ATC-SCALCOM-IOP-SCI.2019.00200</comment>.</mixed-citation></ref>
<ref id="bibr20-20552076211037227"><label>20</label><mixed-citation publication-type="journal"><person-group person-group-type="author"><name><surname>Pennebaker</surname><given-names>JW</given-names></name><name><surname>Mehl</surname><given-names>MR</given-names></name><name><surname>Niederhoffer</surname><given-names>KG</given-names></name></person-group>. <article-title>Psychological aspects of natural language use: our words, our selves</article-title>. <source>Annu Rev Psychol</source> <year>2003</year>; <volume>54</volume>: <fpage>547</fpage>–<lpage>577</lpage>.</mixed-citation></ref>
<ref id="bibr21-20552076211037227"><label>21</label><mixed-citation publication-type="confproc"><person-group person-group-type="author"><name><surname>Coppersmith</surname><given-names>G</given-names></name><name><surname>Ngo</surname><given-names>K</given-names></name><name><surname>Leary</surname><given-names>R</given-names></name></person-group>, <etal>et al.</etal> <article-title>Exploratory analysis of social media prior to a suicide attempt</article-title>. In <conf-name>Proceedings of the third workshop on computational lingusitics and clinical psychology</conf-name>, <year>2016</year>, pp. <fpage>106</fpage>–<lpage>117</lpage>. <publisher-name>Association for Computational Linguistics</publisher-name>. <comment>doi:10.18653/v1/W16-0311</comment>.</mixed-citation></ref>
<ref id="bibr22-20552076211037227"><label>22</label><mixed-citation publication-type="journal"><person-group person-group-type="author"><name><surname>Jashinsky</surname><given-names>J</given-names></name><name><surname>Burton</surname><given-names>SH</given-names></name><name><surname>Hanson</surname><given-names>CL</given-names></name></person-group>, <etal>et al.</etal> <article-title>Tracking suicide risk factors through Twitter in the US</article-title>. <source>Crisis</source> <year>2014</year>; <volume>35</volume>: <fpage>51</fpage>–<lpage>59</lpage>.</mixed-citation></ref>
<ref id="bibr23-20552076211037227"><label>23</label><mixed-citation publication-type="journal"><person-group person-group-type="author"><name><surname>Bucci</surname><given-names>W</given-names></name><name><surname>Freedman</surname><given-names>N</given-names></name></person-group>. <article-title>The language of depression</article-title>. <source>Bull Menninger Clin</source> <year>1981</year>; <volume>45</volume>: <fpage>334</fpage>–<lpage>358</lpage>.</mixed-citation></ref>
<ref id="bibr24-20552076211037227"><label>24</label><mixed-citation publication-type="journal"><person-group person-group-type="author"><name><surname>Scherwitz</surname><given-names>L</given-names></name><name><surname>Graham</surname><given-names>LE</given-names></name><name><surname>Grandits</surname><given-names>G</given-names></name></person-group>, <etal>et al.</etal> <article-title>Self-involvement and coronary heart disease incidence in the multiple risk factor intervention trial</article-title>. <source>Psychosom Med</source> <year>1986</year>; <volume>48</volume>: <fpage>187</fpage>–<lpage>199</lpage>.</mixed-citation></ref>
<ref id="bibr25-20552076211037227"><label>25</label><mixed-citation publication-type="journal"><person-group person-group-type="author"><name><surname>Danner</surname><given-names>DD</given-names></name><name><surname>Snowdon</surname><given-names>DA</given-names></name><name><surname>Friesen</surname><given-names>WV</given-names></name></person-group>. <article-title>Positive emotions in early life and longevity: findings from the nun study</article-title>. <source>J Pers Soc Psychol</source> <year>2001</year>; <volume>80</volume>: <fpage>804</fpage>–<lpage>813</lpage>.</mixed-citation></ref>
<ref id="bibr26-20552076211037227"><label>26</label><mixed-citation publication-type="journal"><person-group person-group-type="author"><name><surname>Lind</surname><given-names>MN</given-names></name><name><surname>Byrne</surname><given-names>ML</given-names></name><name><surname>Wicks</surname><given-names>G</given-names></name></person-group>, <etal>et al.</etal> <article-title>The effortless assessment of risk states (EARS) tool: an interpersonal approach to mobile sensing</article-title>. <source>JMIR Ment Health</source> <year>2018</year>; <volume>5</volume>: <fpage>e10334</fpage>.</mixed-citation></ref>
<ref id="bibr27-20552076211037227"><label>27</label><mixed-citation publication-type="journal"><person-group person-group-type="author"><name><surname>Cohen</surname><given-names>S</given-names></name><name><surname>Kamarck</surname><given-names>T</given-names></name><name><surname>Mermelstein</surname><given-names>R</given-names></name></person-group>. <article-title>A global measure of perceived stress</article-title>. <source>J Health Soc Behav</source> <year>1983</year>; <volume>24</volume>: <fpage>385</fpage>–<lpage>396</lpage>.</mixed-citation></ref>
<ref id="bibr28-20552076211037227"><label>28</label><mixed-citation publication-type="journal"><person-group person-group-type="author"><name><surname>Lee</surname><given-names>E-H</given-names></name></person-group>. <article-title>Review of the psychometric evidence of the perceived stress scale</article-title>. <source>Asian Nurs Res</source> <year>2012</year>; <volume>6</volume>: <fpage>121</fpage>–<lpage>127</lpage>.</mixed-citation></ref>
<ref id="bibr29-20552076211037227"><label>29</label><mixed-citation publication-type="journal"><person-group person-group-type="author"><name><surname>Slavich</surname><given-names>GM</given-names></name><name><surname>Shields</surname><given-names>GS</given-names></name></person-group>. <article-title>Assessing lifetime stress exposure using the stress and adversity inventory for adults (Adult STRAIN): an overview and initial validation</article-title>. <source>Psychosom Med</source> <year>2018</year>; <volume>80</volume>: <fpage>17</fpage>–<lpage>27</lpage>.</mixed-citation></ref>
<ref id="bibr30-20552076211037227"><label>30</label><mixed-citation publication-type="journal"><person-group person-group-type="author"><name><surname>Cazassa</surname><given-names>MJ</given-names></name><name><surname>Oliveira</surname><given-names>MdS</given-names></name><name><surname>Spahr</surname><given-names>CM</given-names></name></person-group>, <etal>et al.</etal> <article-title>The stress and adversity inventory for adults (Adult STRAIN) in Brazilian Portuguese: initial validation and links with executive function, sleep, and mental and physical health</article-title>. <source>Front Psychol</source> <year>2020</year>; <volume>10</volume>: 3083.</mixed-citation></ref>
<ref id="bibr31-20552076211037227"><label>31</label><mixed-citation publication-type="journal"><person-group person-group-type="author"><name><surname>Mayer</surname><given-names>SE</given-names></name><name><surname>Prather</surname><given-names>AA</given-names></name><name><surname>Puterman</surname><given-names>E</given-names></name></person-group>, <etal>et al.</etal> <article-title>Cumulative lifetime stress exposure and leukocyte telomere length attrition: the unique role of stressor duration and exposure timing</article-title>. <source>Psychoneuroendocrinology</source> <year>2019</year>; <volume>104</volume>: <fpage>210</fpage>–<lpage>218</lpage>.</mixed-citation></ref>
<ref id="bibr32-20552076211037227"><label>32</label><mixed-citation publication-type="journal"><person-group person-group-type="author"><name><surname>Sturmbauer</surname><given-names>SC</given-names></name><name><surname>Shields</surname><given-names>GS</given-names></name><name><surname>Hetzel</surname><given-names>E-L</given-names></name></person-group>, <etal>et al.</etal> <article-title>The stress and adversity inventory for adults (adult STRAIN) in German: an overview and initial validation</article-title>. <source>PLOS ONE</source> <year>2019</year>; <volume>14</volume>: <fpage>e0216419</fpage>.</mixed-citation></ref>
<ref id="bibr33-20552076211037227"><label>33</label><mixed-citation publication-type="journal"><person-group person-group-type="author"><name><surname>Lovibond</surname><given-names>PF</given-names></name><name><surname>Lovibond</surname><given-names>SH</given-names></name></person-group>. <article-title>The structure of negative emotional states: comparison of the Depression Anxiety Stress Scales (DASS) with the Beck Depression and Anxiety Inventories</article-title>. <source>Behav Res Ther</source> <year>1995</year>; <volume>33</volume>: <fpage>335</fpage>–<lpage>343</lpage>.</mixed-citation></ref>
<ref id="bibr34-20552076211037227"><label>34</label><mixed-citation publication-type="journal"><person-group person-group-type="author"><name><surname>Antony</surname><given-names>MM</given-names></name><name><surname>Bieling</surname><given-names>PJ</given-names></name><name><surname>Cox</surname><given-names>BJ</given-names></name></person-group>, <etal>et al.</etal> <article-title>Psychometric properties of the 42-item and 21-item versions of the Depression Anxiety Stress Scales in clinical groups and a community sample</article-title>. <source>Psychol Assess</source> <year>1998</year>; <volume>10</volume>: <fpage>176</fpage>–<lpage>181</lpage>.</mixed-citation></ref>
<ref id="bibr35-20552076211037227"><label>35</label><mixed-citation publication-type="journal"><person-group person-group-type="author"><name><surname>Buysse</surname><given-names>DJ</given-names></name><name><surname>Reynolds</surname><given-names>CF</given-names></name><name><surname>Monk</surname><given-names>TH</given-names></name></person-group>, <etal>et al.</etal> <article-title>The Pittsburgh sleep quality index: a new instrument for psychiatric practice and research</article-title>. <source>Psychiatry Res</source> <year>1989</year>; <volume>28</volume>: <fpage>193</fpage>–<lpage>213</lpage>.</mixed-citation></ref>
<ref id="bibr36-20552076211037227"><label>36</label><mixed-citation publication-type="journal"><person-group person-group-type="author"><name><surname>Jain</surname><given-names>S</given-names></name><name><surname>Gautam</surname><given-names>V</given-names></name><name><surname>Naseem</surname><given-names>S</given-names></name></person-group>. <article-title>Acute-phase proteins: as diagnostic tool</article-title>. <source>J Pharm Bioallied Sci</source> <year>2011</year>; <volume>3</volume>: <fpage>118</fpage>.</mixed-citation></ref>
<ref id="bibr37-20552076211037227"><label>37</label><mixed-citation publication-type="journal"><person-group person-group-type="author"><name><surname>Del Giudice</surname><given-names>M</given-names></name><name><surname>Gangestad</surname><given-names>SW</given-names></name></person-group>. <article-title>Rethinking IL-6 and CRP: why they are more than inflammatory biomarkers, and why it matters</article-title>. <source>Brain Behav Immun</source> <year>2018</year>; <volume>70</volume>: <fpage>61</fpage>–<lpage>75</lpage>.</mixed-citation></ref>
<ref id="bibr38-20552076211037227"><label>38</label><mixed-citation publication-type="journal"><person-group person-group-type="author"><name><surname>Black</surname><given-names>S</given-names></name><name><surname>Kushner</surname><given-names>I</given-names></name><name><surname>Samols</surname><given-names>D</given-names></name></person-group>. <article-title>C-reactive protein</article-title>. <source>J Biol Chem</source> <year>2004</year>; <volume>279</volume>: <fpage>48487</fpage>–<lpage>48490</lpage>.</mixed-citation></ref>
<ref id="bibr39-20552076211037227"><label>39</label><mixed-citation publication-type="journal"><person-group person-group-type="author"><name><surname>Häfner</surname><given-names>S</given-names></name><name><surname>Emeny</surname><given-names>RT</given-names></name><name><surname>Lacruz</surname><given-names>ME</given-names></name></person-group>, <etal>et al.</etal> <article-title>Association between social isolation and inflammatory markers in depressed and non-depressed individuals: results from the MONICA/KORA study</article-title>. <source>Brain Behav Immun</source> <year>2011</year>; <volume>25</volume>: <fpage>1701</fpage>–<lpage>1707</lpage>.</mixed-citation></ref>
<ref id="bibr40-20552076211037227"><label>40</label><mixed-citation publication-type="journal"><person-group person-group-type="author"><name><surname>Owen</surname><given-names>N</given-names></name><name><surname>Poulton</surname><given-names>T</given-names></name><name><surname>Hay</surname><given-names>FC</given-names></name></person-group>, <etal>et al.</etal> <article-title>Socioeconomic status, C-reactive protein, immune factors, and responses to acute mental stress</article-title>. <source>Brain Behav Immun</source> <year>2003</year>; <volume>17</volume>: <fpage>286</fpage>–<lpage>295</lpage>.</mixed-citation></ref>
<ref id="bibr41-20552076211037227"><label>41</label><mixed-citation publication-type="journal"><person-group person-group-type="author"><name><surname>Taylor</surname><given-names>SE</given-names></name><name><surname>Lehman</surname><given-names>BJ</given-names></name><name><surname>Kiefe</surname><given-names>CI</given-names></name></person-group>, <etal>et al.</etal> <article-title>Relationship of early life stress and psychological functioning to adult C-reactive protein in the Coronary Artery Risk Development in Young Adults Study</article-title>. <source>Biol Psychiatry</source> <year>2006</year>; <volume>60</volume>: <fpage>819</fpage>–<lpage>824</lpage>.</mixed-citation></ref>
<ref id="bibr42-20552076211037227"><label>42</label><mixed-citation publication-type="journal"><person-group person-group-type="author"><name><surname>Pace</surname><given-names>TWW</given-names></name><name><surname>Hu</surname><given-names>F</given-names></name><name><surname>Miller</surname><given-names>AH</given-names></name></person-group>. <article-title>Cytokine-effects on glucocorticoid receptor function: relevance to glucocorticoid resistance and the pathophysiology and treatment of major depression</article-title>. <source>Brain Behav Immun</source> <year>2007</year>; <volume>21</volume>: <fpage>9</fpage>–<lpage>19</lpage>.</mixed-citation></ref>
<ref id="bibr43-20552076211037227"><label>43</label><mixed-citation publication-type="journal"><person-group person-group-type="author"><name><surname>Brydon</surname><given-names>L</given-names></name><name><surname>Edwards</surname><given-names>S</given-names></name><name><surname>Jia</surname><given-names>H</given-names></name></person-group>, <etal>et al.</etal> <article-title>Psychological stress activates interleukin-1β gene expression in human mononuclear cells</article-title>. <source>Brain Behav Immun</source> <year>2005</year>; <volume>19</volume>: <fpage>540</fpage>–<lpage>546</lpage>.</mixed-citation></ref>
<ref id="bibr44-20552076211037227"><label>44</label><mixed-citation publication-type="journal"><person-group person-group-type="author"><name><surname>McQuaid</surname><given-names>RJ</given-names></name><name><surname>Gabrys</surname><given-names>RL</given-names></name><name><surname>McInnis</surname><given-names>OA</given-names></name></person-group>, <etal>et al.</etal> <article-title>Understanding the relation between early-life adversity and depression symptoms: the moderating role of sex and an interleukin-1β gene variant</article-title>. <source>Front Psychiatry</source> <year>2019</year>; <volume>10</volume>: 151.</mixed-citation></ref>
<ref id="bibr45-20552076211037227"><label>45</label><mixed-citation publication-type="journal"><person-group person-group-type="author"><name><surname>Owen</surname><given-names>BM</given-names></name><name><surname>Eccleston</surname><given-names>D</given-names></name><name><surname>Ferrier</surname><given-names>IN</given-names></name></person-group>, <etal>et al.</etal> <article-title>Raised levels of plasma interleukin-1beta in major and postviral depression</article-title>. <source>ACTA Psychiatr Scand</source> <year>2001</year>; <volume>103</volume>: <fpage>226</fpage>–<lpage>228</lpage>.</mixed-citation></ref>
<ref id="bibr46-20552076211037227"><label>46</label><mixed-citation publication-type="journal"><person-group person-group-type="author"><name><surname>Lucas</surname><given-names>T</given-names></name><name><surname>Lumley</surname><given-names>MA</given-names></name><name><surname>Flack</surname><given-names>JM</given-names></name></person-group>, <etal>et al.</etal> <article-title>A preliminary experimental examination of worldview verification, perceived racism, and stress reactivity in African Americans</article-title>. <source>Health Psychol</source> <year>2016</year>; <volume>35</volume>: <fpage>366</fpage>–<lpage>375</lpage>.</mixed-citation></ref>
<ref id="bibr47-20552076211037227"><label>47</label><mixed-citation publication-type="journal"><person-group person-group-type="author"><name><surname>Slavich</surname><given-names>GM</given-names></name><name><surname>Way</surname><given-names>BM</given-names></name><name><surname>Eisenberger</surname><given-names>NI</given-names></name></person-group>, <etal>et al.</etal> <article-title>Neural sensitivity to social rejection is associated with inflammatory responses to social stress</article-title>. <source>Proc Natl Acad Sci</source> <year>2010</year>; <volume>107</volume>: <fpage>14817</fpage>–<lpage>14822</lpage>.</mixed-citation></ref>
<ref id="bibr48-20552076211037227"><label>48</label><mixed-citation publication-type="journal"><person-group person-group-type="author"><name><surname>Cicchetti</surname><given-names>D</given-names></name><name><surname>Handley</surname><given-names>ED</given-names></name><name><surname>Rogosch</surname><given-names>FA</given-names></name></person-group>. <article-title>Child maltreatment, inflammation, and internalizing symptoms: investigating the roles of C-reactive protein, gene variation, and neuroendocrine regulation</article-title>. <source>Dev Psychopathol</source> <year>2015</year>; <volume>27</volume>: <fpage>553</fpage>–<lpage>566</lpage>.</mixed-citation></ref>
<ref id="bibr49-20552076211037227"><label>49</label><mixed-citation publication-type="journal"><person-group person-group-type="author"><name><surname>Delany</surname><given-names>FM</given-names></name><name><surname>Byrne</surname><given-names>ML</given-names></name><name><surname>Whittle</surname><given-names>S</given-names></name></person-group>, <etal>et al.</etal> <article-title>Depression, immune function, and early adrenarche in children</article-title>. <source>Psychoneuroendocrinology</source> <year>2016</year>; <volume>63</volume>: <fpage>228</fpage>–<lpage>234</lpage>.</mixed-citation></ref>
<ref id="bibr50-20552076211037227"><label>50</label><mixed-citation publication-type="journal"><person-group person-group-type="author"><name><surname>O’Connor</surname><given-names>M-F</given-names></name><name><surname>Irwin</surname><given-names>MR</given-names></name><name><surname>Wellisch</surname><given-names>DK</given-names></name></person-group>. <article-title>When grief heats up: proinflammatory cytokines predict regional brain activation</article-title>. <source>NeuroImage</source> <year>2009</year>; <volume>47</volume>: <fpage>891</fpage>–<lpage>896</lpage>.</mixed-citation></ref>
<ref id="bibr51-20552076211037227"><label>51</label><mixed-citation publication-type="journal"><person-group person-group-type="author"><name><surname>Navarro</surname><given-names>VP</given-names></name><name><surname>Iyomasa</surname><given-names>MM</given-names></name><name><surname>Leite-Panissi</surname><given-names>CR</given-names></name></person-group>, <etal>et al.</etal> <article-title>New role of the trigeminal nerve as a neuronal pathway signaling brain in acute periodontitis: participation of local prostaglandins</article-title>. <source>Pflugers Arch</source> <year>2006</year>; <volume>453</volume>: <fpage>73</fpage>–<lpage>82</lpage>.</mixed-citation></ref>
<ref id="bibr52-20552076211037227"><label>52</label><mixed-citation publication-type="journal"><person-group person-group-type="author"><name><surname>Byrne</surname><given-names>ML</given-names></name><name><surname>O'Brien-Simpson</surname><given-names>NM</given-names></name><name><surname>Reynolds</surname><given-names>EC</given-names></name></person-group>, <etal>et al.</etal> <article-title>Acute phase protein and cytokine levels in serum and saliva: a comparison of detectable levels and correlations in a depressed and healthy adolescent sample</article-title>. <source>Brain Behav Immun</source> <year>2013</year>; <volume>34</volume>: <fpage>164</fpage>–<lpage>175</lpage>.</mixed-citation></ref>
<ref id="bibr53-20552076211037227"><label>53</label><mixed-citation publication-type="journal"><person-group person-group-type="author"><name><surname>Ouellet-Morin</surname><given-names>I</given-names></name><name><surname>Danese</surname><given-names>A</given-names></name><name><surname>Williams</surname><given-names>B</given-names></name></person-group>, <etal>et al.</etal> <article-title>Validation of a high-sensitivity assay for C-reactive protein in human saliva</article-title>. <source>Brain Behav Immun</source> <year>2011</year>; <volume>25</volume>: <fpage>640</fpage>–<lpage>646</lpage>.</mixed-citation></ref>
<ref id="bibr54-20552076211037227"><label>54</label><mixed-citation publication-type="journal"><person-group person-group-type="author"><name><surname>Out</surname><given-names>D</given-names></name><name><surname>Hall</surname><given-names>RJ</given-names></name><name><surname>Granger</surname><given-names>DA</given-names></name></person-group>, <etal>et al.</etal> <article-title>Assessing salivary C-reactive protein: longitudinal associations with systemic inflammation and cardiovascular disease risk in women exposed to intimate partner violence</article-title>. <source>Brain Behav Immun</source> <year>2012</year>; <volume>26</volume>: <fpage>543</fpage>–<lpage>551</lpage>.</mixed-citation></ref>
<ref id="bibr55-20552076211037227"><label>55</label><mixed-citation publication-type="journal"><person-group person-group-type="author"><name><surname>Dillon</surname><given-names>MC</given-names></name><name><surname>Opris</surname><given-names>DC</given-names></name><name><surname>Kopanczyk</surname><given-names>R</given-names></name></person-group>, <etal>et al.</etal> <article-title>Detection of homocysteine and C-reactive protein in the saliva of healthy adults: comparison with blood levels</article-title>. <source>Biomark Insights</source> <year>2010</year>; <volume>2010</volume>: <fpage>57</fpage>–<lpage>61</lpage>.</mixed-citation></ref>
<ref id="bibr56-20552076211037227"><label>56</label><mixed-citation publication-type="journal"><person-group person-group-type="author"><name><surname>Tausczik</surname><given-names>YR</given-names></name><name><surname>Pennebaker</surname><given-names>JW</given-names></name></person-group>. <article-title>The psychological meaning of words: LIWC and computerized text analysis methods</article-title>. <source>J Lang Soc Psychol</source> <year>2010</year>; <volume>29</volume>: <fpage>24</fpage>–<lpage>54</lpage>.</mixed-citation></ref>
<ref id="bibr57-20552076211037227"><label>57</label><mixed-citation publication-type="confproc"><person-group person-group-type="author"><name><surname>Coppersmith</surname><given-names>G</given-names></name><name><surname>Harman</surname><given-names>C</given-names></name><name><surname>Dredze</surname><given-names>M</given-names></name></person-group>. <article-title>Measuring post traumatic stress disorder in twitter</article-title>. In <conf-name>Proceedings of the eighth international AAAI conference on weblogs and social media</conf-name>, <year>2014</year>.</mixed-citation></ref>
<ref id="bibr58-20552076211037227"><label>58</label><mixed-citation publication-type="other"><person-group person-group-type="author"><name><surname>Guntuku</surname><given-names>SC</given-names></name><name><surname>Buffone</surname><given-names>A</given-names></name><name><surname>Jaidka</surname><given-names>K</given-names></name></person-group>, <etal>et al.</etal> <comment>Understanding and Measuring Psychological Stress using Social Media</comment>. <source>ArXiv181107430 Cs</source>, <year>2019</year>, http://arxiv.org/abs/1811.07430.</mixed-citation></ref>
<ref id="bibr59-20552076211037227"><label>59</label><mixed-citation publication-type="journal"><person-group person-group-type="author"><name><surname>Silge</surname><given-names>J</given-names></name><name><surname>Robinson</surname><given-names>D</given-names></name></person-group>. <article-title>Tidytext: text mining and analysis using tidy data principles in R</article-title>. <source>J Open Source Softw</source> <year>2016</year>; <volume>1</volume>: <fpage>37</fpage>.</mixed-citation></ref>
<ref id="bibr60-20552076211037227"><label>60</label><mixed-citation publication-type="other"><person-group person-group-type="author"><name><surname>Nielsen</surname><given-names>FÅ</given-names></name></person-group>. <comment>A new ANEW: Evaluation of a word list for sentiment analysis in microblogs</comment>. <source>ArXiv11032903 Cs</source>, <year>2011</year>, http://arxiv.org/abs/1103.2903.</mixed-citation></ref>
<ref id="bibr61-20552076211037227"><label>61</label><mixed-citation publication-type="book"><person-group person-group-type="author"><name><surname>Liu</surname><given-names>B</given-names></name></person-group>. <source>Sentiment analysis and opinion mining</source>. <publisher-loc>San Rafael, CA, USA</publisher-loc>: <publisher-name>Morgan &amp; Claypool</publisher-name>, <year>2012</year>.</mixed-citation></ref>
<ref id="bibr62-20552076211037227"><label>62</label><mixed-citation publication-type="journal"><person-group person-group-type="author"><name><surname>Kross</surname><given-names>E</given-names></name><name><surname>Verduyn</surname><given-names>P</given-names></name><name><surname>Boyer</surname><given-names>M</given-names></name></person-group>, <etal>et al.</etal> <article-title>Does counting emotion words on online social networks provide a window into people’s subjective experience of emotion? A case study on Facebook</article-title>. <source>Emotion</source> <year>2019</year>; <volume>19</volume>: <fpage>97</fpage>–<lpage>107</lpage>.</mixed-citation></ref>
<ref id="bibr63-20552076211037227"><label>63</label><mixed-citation publication-type="journal"><person-group person-group-type="author"><name><surname>Szabo</surname><given-names>YZ</given-names></name><name><surname>Slavish</surname><given-names>DC</given-names></name><name><surname>Graham-Engeland</surname><given-names>JE</given-names></name></person-group>. <article-title>The effect of acute stress on salivary markers of inflammation: a systematic review and meta-analysis</article-title>. <source>Brain Behav Immun</source> <year>2020</year>; <volume>88</volume>: <fpage>887</fpage>–<lpage>900</lpage>.</mixed-citation></ref>
<ref id="bibr64-20552076211037227"><label>64</label><mixed-citation publication-type="journal"><person-group person-group-type="author"><name><surname>Shields</surname><given-names>GS</given-names></name><name><surname>Moons</surname><given-names>WG</given-names></name><name><surname>Slavich</surname><given-names>GM</given-names></name></person-group>. <article-title>Inflammation, self-regulation, and health: an immunologic model of self-regulatory failure</article-title>. <source>Perspect Psychol Sci</source> <year>2017</year>; <volume>12</volume>: <fpage>588</fpage>–<lpage>612</lpage>.</mixed-citation></ref>
<ref id="bibr65-20552076211037227"><label>65</label><mixed-citation publication-type="journal"><person-group person-group-type="author"><name><surname>Aledavood</surname><given-names>T</given-names></name><name><surname>Torous</surname><given-names>J</given-names></name><name><surname>Triana Hoyos</surname><given-names>AM</given-names></name></person-group>, <etal>et al.</etal> <article-title>Smartphone-based tracking of sleep in depression, anxiety, and psychotic disorders</article-title>. <source>Curr Psychiatry Rep</source> <year>2019</year>; <volume>21</volume>: 49.</mixed-citation></ref>
<ref id="bibr66-20552076211037227"><label>66</label><mixed-citation publication-type="journal"><person-group person-group-type="author"><name><surname>Fraccaro</surname><given-names>P</given-names></name><name><surname>Beukenhorst</surname><given-names>A</given-names></name><name><surname>Sperrin</surname><given-names>M</given-names></name></person-group>, <etal>et al.</etal> <article-title>Digital biomarkers from geolocation data in bipolar disorder and schizophrenia: a systematic review</article-title>. <source>J Am Med Inform Assoc</source> <year>2019</year>; <volume>26</volume>: <fpage>1412</fpage>–<lpage>1420</lpage>.</mixed-citation></ref>
<ref id="bibr67-20552076211037227"><label>67</label><mixed-citation publication-type="confproc"><person-group person-group-type="author"><name><surname>Suk</surname><given-names>M.</given-names></name><name><surname>Prabhakaran</surname><given-names>B.</given-names></name></person-group> <article-title>Real-time facial expression recognition on smartphones</article-title>. In <conf-name>2015 IEEE winter conference on applications of computer vision</conf-name>, <year>2015</year>, pp. <fpage>1054</fpage>–<lpage>1059</lpage>. <publisher-name>IEEE</publisher-name>. DOI:<pub-id pub-id-type="doi">10.1109/WACV.2015.145</pub-id>.</mixed-citation></ref>
<ref id="bibr68-20552076211037227"><label>68</label><mixed-citation publication-type="journal"><person-group person-group-type="author"><name><surname>Slavich</surname><given-names>GM</given-names></name><name><surname>Taylor</surname><given-names>S</given-names></name><name><surname>Picard</surname><given-names>RW</given-names></name></person-group>. <article-title>Stress measurement using speech: recent advancements, validation issues, and ethical and privacy considerations</article-title>. <source>Stress</source> <year>2019</year>; <volume>22</volume>: <fpage>408</fpage>–<lpage>413</lpage>.</mixed-citation></ref></ref-list>
</back>
</article>