<?xml version="1.0" encoding="UTF-8"?><article article-type="research-article" dtd-version="1.1d1" xml:lang="EN" xmlns:mml="http://www.w3.org/1998/Math/MathML" xmlns:xlink="http://www.w3.org/1999/xlink"><front><journal-meta><journal-id journal-id-type="hwp">spasu</journal-id><journal-id journal-id-type="publisher-id">ASU</journal-id><journal-title-group><journal-title>The American Surgeon</journal-title></journal-title-group><issn pub-type="ppub">0003-1348</issn><issn pub-type="epub">1555-9823</issn><publisher><publisher-name>SAGE Publications</publisher-name><publisher-loc>Sage CA: Los Angeles, CA</publisher-loc></publisher></journal-meta><article-meta><article-id pub-id-type="publisher-id">10.1177_00031348221074228</article-id><article-id pub-id-type="doi">10.1177/00031348221074228</article-id><article-categories><subj-group subj-group-type="heading"><subject>Editorial</subject></subj-group></article-categories><title-group><article-title>America's Original Immunization Controversy</article-title></title-group><contrib-group><contrib contrib-type="author" corresp="yes"><name><surname>Nakayama</surname><given-names>Don K.</given-names></name><degrees>MD, MBA</degrees><xref ref-type="aff" rid="aff1-00031348221074228">1</xref><xref ref-type="corresp" rid="corresp1-00031348221074228"/></contrib><aff id="aff1-00031348221074228"><label>1</label>Division of Pediatric Surgery, Department of Surgery, <institution-wrap><institution-id institution-id-type="Ringgold">6797</institution-id><institution content-type="university">University of North Carolina School of Medicine</institution></institution-wrap>, Chapel Hill, NC, USA</aff></contrib-group><author-notes><corresp id="corresp1-00031348221074228">Don K. Nakayama, MD, MBA, Division of Pediatric Surgery, Department of Surgery, University of North Carolina School of Medicine, 170 Manning Drive, G196 Physicians’ Office Building, Chapel Hill, NC 27599-7223, USA. Email: <email>nakayama.don@gmail.com</email></corresp></author-notes><pub-date pub-type="epub-ppub"><month>10</month><year>2022</year></pub-date><volume>88</volume><issue>10</issue><issue-title>Special Issue: Southern California Chapter of the American College of Surgeons</issue-title><fpage>2425</fpage><lpage>2428</lpage><permissions><copyright-statement>© The Author(s) 2022</copyright-statement><copyright-year>2022</copyright-year><copyright-holder content-type="sage">Southeastern Surgical Congress</copyright-holder><license license-type="open-access" xlink:href="https://creativecommons.org/licenses/by/4.0/" xlink:type="simple"><license-p>This article is distributed under the terms of the Creative Commons Attribution 4.0 License (<ext-link ext-link-type="uri" xlink:href="https://creativecommons.org/licenses/by/4.0/">https://creativecommons.org/licenses/by/4.0/</ext-link>) which permits any use, reproduction and distribution of the work without further permission provided the original work is attributed as specified on the SAGE and Open Access page (<ext-link ext-link-type="uri" xlink:href="https://us.sagepub.com/en-us/nam/open-access-at-sage">https://us.sagepub.com/en-us/nam/open-access-at-sage</ext-link>).</license-p></license></permissions><abstract><p>The CoVID-19 pandemic marks the 300th anniversary of the Boston smallpox epidemic of 1721, America’s first immunization controversy. Puritan minister Cotton Mather learned of inoculation for smallpox from Onesimus, a man enslaved to him. When the disease broke out in May 1721, Mather urged Boston’s physicians to inoculate all those vulnerable to the disease. Zabdiel Boylston, alone among his colleagues, decided to proceed with the procedure, igniting a heated debate that occasionally grew violent. The division between the advocates and detractors of inoculation were as deep as religion and politics. Puritan ministers supported inoculation, asserting their right to control the lives of their flock. Challenging them were a secular class of medical professionals that proclaimed primacy in medical matters. The controversy was inflamed by a nascent newspaper industry eager to profit from the fear of contagion and the passionate debate. Despite the furor and physical risk to himself and his family Boylston inoculated 282 persons, of whom only 6 died (2.1%). Of the 5759 townspeople who contracted smallpox during the epidemic, there were 844 deaths (14.7%). In America’s first effort at preventive medicine Boylston established the efficacy of inoculation, which helped support its acceptance in England, and later in the century, the adoption of Edward Jenner’s technique of vaccination in 1796.</p></abstract><custom-meta-group><custom-meta><meta-name>typesetter</meta-name><meta-value>ts10</meta-value></custom-meta></custom-meta-group></article-meta></front><body><sec id="sec1-00031348221074228"><title>A Bold Proposal</title><p>“Of all the foes our ancestors faced – hardship, famine, pestilence, Indian and foreign wars,” wrote James Mumford, surgeon and historian, “the most dreaded was smallpox.”<sup><xref ref-type="bibr" rid="bibr1-00031348221074228">1</xref></sup> Zabdiel Boylston (1676-1766), whose inoculations in 1721 saved hundreds of lives, described how victims were ravaged by the disease:<disp-quote><p><italic>Purple spots, the bloody and parchment pox, hemorrhages of blood at the mouth, nose fundament and privates; ravings and delirium; convulsions, and other fits; violent inflammation and swelling in the eyes and throat; so that they cannot see, or scarcely breathe, or swallow anything, to keep them from starving. Some looking as black as the stock, others as white as a sheet; and some, the pock runs into blisters, and the skin stripping off, leaves the flash raw … some have been filled with loathsome ulcers, others have had deep, and fistulous ulcers in their bodies, or in their limbs or joints, with the rottenness of the ligaments and bones. Some who live are cripples, others idiots, and many blind all their days …</italic>.<sup><xref ref-type="bibr" rid="bibr2-00031348221074228">2</xref></sup></p></disp-quote></p><p>The threat of smallpox, therefore, was on the mind of the Reverend Cotton Mather (<xref ref-type="fig" rid="fig1-00031348221074228">Figure 1</xref>, 1663-1728), New England’s leading Congregationalist cleric and scion of prominent Puritan ministers. Alongside his fire and brimstone theology he had wide-ranging scientific interests, corresponding with the Royal Society and reporting on the natural history of colonial America.<sup><xref ref-type="bibr" rid="bibr3-00031348221074228">3</xref></sup><fig fig-type="figure" id="fig1-00031348221074228" position="float"><label>Figure 1.</label><caption><p>Peter Pelham, artist (1728). Cotton Mather. Library of Congress.</p></caption><graphic xlink:href="10.1177_00031348221074228-fig1.tif"/></fig></p><p>Among his primary interests was medicine. Having survived 2 outbreaks in 1688 and 1702, he thought that smallpox had a 12-to-14-year cycle. By 1714 he dreaded that an outbreak would soon occur.</p><p>In his household was Onesimus, an enslaved man, who was provided to the reverend by his grateful congregation. The acquisition of a servant required asking whether the enslaved person ever had smallpox. “Yes and no,” Onesimus answered; he had had smallpox, but from an inoculation.<sup><xref ref-type="bibr" rid="bibr4-00031348221074228">4</xref></sup> Mather learned when an outbreak occurred in the Barbary villages where the enslaved persons were imprisoned, pus was collected from the sores of the first victims to inoculate the rest, preserving the slavers’ grim investment.</p><p>In 1716 Mather remembered Onesimus’ story when he read the 1714 volume of the <italic>Philosophical Transactions</italic> of the Royal Society (it took that long for a copy to reach him). Immediately after one of his own articles was another that described inoculation in Constantinople. Mather made the connection: If there was a way to prevent the disease, why not inoculate all those who were vulnerable?</p><p>In July 1716 he wrote a letter with his bold hypothesis. The society never responded to Mather’s idea. The letter lay buried in its records until it was unearthed by George Kittredge of Harvard University who published it in 1912, nearly 200 years later.<sup><xref ref-type="bibr" rid="bibr4-00031348221074228">4</xref></sup></p></sec><sec id="sec2-00031348221074228"><title>Outbreak and Experiment</title><p>On October 28, 1720, the merchant sloop <italic>Seahorse</italic> arrived from the Canary Islands by way of Tortuga Island with smallpox on board. The selectmen of the colony tried to confine its victims to a pest house in the remote reaches of Boston Harbor. The precaution did not prevent the discovery on May 8 of one of the <italic>Seahorse’s</italic> crew in town sick with smallpox. The outbreak soon blossomed to full force by June.<sup><xref ref-type="bibr" rid="bibr5-00031348221074228">5</xref></sup></p><p>Mather lost no time to put forth the strategy he had come up with 5 years previously. On June 6 he wrote to each of Boston’s 14 physicians and asked them to inoculate all those who had not contracted the disease since the last outbreak in 1702. This meant not only many of the newcomers that doubled the population of the town to 11 000, but all of its children.<sup><xref ref-type="bibr" rid="bibr6-00031348221074228">6</xref></sup></p><p>At first the doctors ignored Mather, dismissing his proposal as just another of his tiresome jeremiads. This one, however, created a stir: It was potentially dangerous, on par with his writings on witchcraft and devilry that helped fire a credulous flock to torture and hang 20 victims in Salem in 1692.</p><p>Zabdiel Boylston alone was the only physician willing to give inoculation a try. Like Mather he was the third generation of one of Boston’s founding families, the sixth of twelve children born to Thomas Boylston, a physician and surgeon. Like all but one of the town’s physicians, Zabdiel Boylston did not go to medical school nor did he receive formal training. He learned medicine by apprenticeship to his father and another of the town’s physicians. Before the epidemic Boylston held no special reputation as a practitioner.</p><p>Scarcely aware of the existence of inoculation, Boylston relied on articles that Mather showed him in the <italic>Transactions</italic> and Onesimus’ descriptions. On June 26 Boylston made a deep incision in his six-year-old son’s arm one-quarter inch in length, deep enough to accommodate a pea. Into it he placed a full drop of infective pus and mixed it with the blood that filled the cavity. He placed a walnut shell over the incision and held it in place with a length of cloth. He did the same on the boy’s thigh. He then repeated the procedure on a Black man enslaved to him and the latter’s son.<sup><xref ref-type="bibr" rid="bibr5-00031348221074228">5</xref></sup></p><p>Each developed the dread disease. Boylston sat vigil with his son as high fevers and bouts of vomiting developed 6 days after the procedure. Pocks broke out over his face. As the boy suffered the father waited anxiously for the disease to continue its crescendo to the edge of death. Instead, on the ninth day the fever broke. The sores began to crust over and heal. His other 2 patients followed the same frightening but relatively benign course, given that it was still smallpox. Convinced of the success of the experiment, Boylston went on with his inoculations, including another of his children, a twelve-year-old boy, and one of Mather’s sons.<sup><xref ref-type="bibr" rid="bibr7-00031348221074228">7</xref></sup></p></sec><sec id="sec3-00031348221074228"><title>Outrage</title><p>Such news was impossible to conceal in the small town confined to a peninsula just one-and-a-quarter square miles in size. When word got out about Boylston’s inoculations, “it raised,” in Mather’s words, “a horrid Clamour.” Invectives were so vicious that in his mind “the Devil had ‘taken a strange Possession of the People.’”<sup><xref ref-type="bibr" rid="bibr8-00031348221074228">8</xref></sup> In his history of Massachusetts Thomas Hutchinson wrote, “Many sober, pious people were struck with horror, and were of the opinion that, if any of his patients should die, he ought to be treated as a murderer.”<sup><xref ref-type="bibr" rid="bibr9-00031348221074228">9</xref></sup></p><p>Unable to respond to the mob that harassed him, Boylston tried to justify his actions in an advertisement in the July 10-17 issue of the <italic>Gazette</italic>, one of the town’s two newspapers. He described the procedure and assured that his son, the enslaved man, and the latter’s son had fully recovered. He promised to follow up in the upcoming weeks with more news. He then invited his colleagues to come and examine his patients.<sup><xref ref-type="bibr" rid="bibr7-00031348221074228">7</xref></sup></p><p>But he made no statement that he was halting the experiment. Boylston did not quarantine his inoculated patients, even though they were as infective as those who naturally contracted the disease. This left him open to the valid criticism that he was deliberately spreading the disease and putting the town at risk.<sup><xref ref-type="bibr" rid="bibr10-00031348221074228">10</xref></sup></p><p>Boylston’s erstwhile colleagues immediately censured him. William Douglass (1691-1752) was the leader of the group and Boston’s only physician with a formal degree in medicine. He had come to colonial America only 5 years before with the anticipation that his education in Edinburgh, Paris, Uretcht, and Leiden, where he received his degree in 1712, would assure a large and profitable medical practice.<sup><xref ref-type="bibr" rid="bibr10-00031348221074228">10</xref></sup> His training also imbued him with the traditional attitudes of the English medical caste system that placed educated physicians as aristocrats on its top rung. Apothecaries occupied the bottom position, just below surgeons.</p><p>Inoculation gave Douglass an issue to assert his primacy of the Boston medical community. Writing under the pseudonym “W. Philanthropos (‘lover of mankind’)” in the Boston <italic>News-Letter</italic> of July 17-24 he disparaged Boylston as more of a “cutter for the stone” and apothecary than a true physician.<sup><xref ref-type="bibr" rid="bibr7-00031348221074228">7</xref></sup> He dismissed Mather as “a credulous, vain preacher” interfering with physicians’ work.<sup><xref ref-type="bibr" rid="bibr10-00031348221074228">10</xref></sup> At the instigation of Douglass and his fellow physicians on July 21 the selectmen convened and formally prohibited Boylston from performing inoculations in the town.<sup><xref ref-type="bibr" rid="bibr5-00031348221074228">5</xref></sup></p><p>“Douglass … was defending the integrity of the medical profession against the interference of those whom he considered credulous laymen. … no one should accept all the quaint … accounts from the Levant and from untutored Negroes,” wrote John Blake of the National Library of Medicine.<sup><xref ref-type="bibr" rid="bibr8-00031348221074228">8</xref></sup> Douglass, for all of his chauvinism and elitism, asserted the primacy of an elite, professionally trained (of which he was the sole member), to make medical decisions.</p><p>Mather had to answer the religious question of whether smallpox was a test of faith and whether inoculation was thus contrary to God’s law. One of his fellow reverends, William Colman, gave a succinct answer in a catechism on inoculation: “Yes, it is God’s Judgment but at the same time He sends His Judgment He shows as a Way to escape the Extremity and Destruction at least, if not the touch of it.”<sup><xref ref-type="bibr" rid="bibr11-00031348221074228">11</xref></sup></p><p>Mather and the Boston ministry defended Boylston in a letter in the July 27-31 issue of the <italic>Gazette</italic>. They wrote:<disp-quote><p>Thanks be to God we have such a One among us, and that so many poor Miserables have already found the benefit of his gentle and dexterous hand. We that have stood by and seen his tenderness, courage, and skill in that hazardous Operation cannot enough value the man and give praise to God.<sup><xref ref-type="bibr" rid="bibr7-00031348221074228">7</xref></sup></p></disp-quote></p><p>Boylston continued his inoculations despite the injunction, doing more each month to a peak of 103 in November alone.<sup><xref ref-type="bibr" rid="bibr2-00031348221074228">2</xref></sup> He and his family were threatened with violence, a bomb once thrown into his house. On November 14 Mather also had a bomb thrown through his window, the device landing unexploded on the floor. It came with a note: “Cotton Mather … You Dog, and Damn You, I will Enoculate You with this, with a Pox to you.”<sup><xref ref-type="bibr" rid="bibr11-00031348221074228">11</xref></sup></p><p>The brouhaha brought forth a third competing paper, the <italic>New England Courant</italic>, supported by Anglican opponents of Mather and physicians opposing inoculation. Its printer, James Franklin, would fade from history. On its pages was a personality who wrote under the name Silence Dogood, a middle-aged widow whose patina of modest charm contrasted with entertaining iconoclasm. Franklin gladly printed Silence’s letters, which attracted a wide readership, not knowing that her identity was his younger brother and apprentice Benjamin.<sup><xref ref-type="bibr" rid="bibr5-00031348221074228">5</xref></sup></p></sec><sec id="sec4-00031348221074228"><title>First Clinical Trial</title><p>The furor died as the epidemic burned itself out in the spring of 1722. On February 26, 1722, the Selectmen made an official statement in the Courant that nobody in Boston was known to have smallpox. After a final 6 inoculations in May Boylston agreed to stop doing the procedure. “In this quiet way the inoculation experiment was finished,” wrote John Barrett, a pediatrician and author of a prize-winning essay on the episode.<sup><xref ref-type="bibr" rid="bibr11-00031348221074228">11</xref></sup></p><p>Eventually 282 persons in Boston were inoculated, the most by far by Boylston. Of those undergoing the procedure only 6 died (2.1%). Of the 5759 townspeople who contracted smallpox during the epidemic, there were 844 deaths (14.7%), a relative risk of natural versus inoculated smallpox of 6.9 (3.2 - 15, P &lt; .0011).<sup><xref ref-type="bibr" rid="bibr12-00031348221074228">12</xref></sup> The success of the Boston experiment in establishing the efficacy and relative safety of inoculation led to its adoption in both the American colonies and England as the primary means of preventing smallpox until Edward Jenner developed vaccination in 1796.<sup><xref ref-type="bibr" rid="bibr5-00031348221074228">5</xref></sup></p><p>Mather and Boylston’s decision to use an untried procedure on hundreds of their fellow citizens, including their neighbors and families, was unprecedented. Boylston visited London in December 1724, where he was hailed with saving hundreds of lives. At the suggestion of his admirers in the Royal Society, of which he was made a member in July 1726, Boylston published a monograph where he listed every person he inoculated and whether the result was survival or death.<sup><xref ref-type="bibr" rid="bibr2-00031348221074228">2</xref></sup></p><p>The publication documented America’s first clinical trial. Author Stephen Coss quoted medical historians to place Boylston’s achievement.<sup><xref ref-type="bibr" rid="bibr5-00031348221074228">5</xref></sup> To John Blake of the National Library of Medicine it was “the most important experiment in America in preventative medicine.” Medical historians Otho Beall of the University of Maryland and Richard Shryock of Johns Hopkins wrote, “The history of immunology, with all its ultimate values in overcoming infectious disease diseases began—above the folk level and on meaningful scale—in the Boston epidemic  of 1721.”</p></sec></body><back><fn-group><fn fn-type="conflict"><label>Declaration of Conflicting Interests</label><p>The author(s) declared no potential conflicts of interest with respect to the research, authorship, and/or publication of this article.</p></fn><fn fn-type="financial-disclosure"><label>Funding</label><p>The author(s) received no financial support for the research, authorship, and/or publication of this article.</p></fn></fn-group><ref-list><title>References</title><ref id="bibr1-00031348221074228"><label>1</label><mixed-citation publication-type="book"><person-group person-group-type="author"><name><surname>Mumford</surname><given-names>JG</given-names></name></person-group>. <source>A Narrative of Medicine in America</source>. <publisher-loc>Philadelphia</publisher-loc>: <publisher-name>J.B. Lippincott</publisher-name>; <year>1903</year>.</mixed-citation></ref><ref id="bibr2-00031348221074228"><label>2</label><mixed-citation publication-type="journal"><person-group person-group-type="author"><name><surname>Boylston</surname><given-names>Z</given-names></name></person-group>. <source>Dr. Zabdiel Boylston's account of the small-pox inoculated in New England</source>. <publisher-loc>London</publisher-loc>: <publisher-name>S. Chandler</publisher-name>; <fpage>1726</fpage></mixed-citation></ref><ref id="bibr3-00031348221074228"><label>3</label><mixed-citation publication-type="journal"><person-group person-group-type="author"><name><surname>Beall</surname><given-names>OT</given-names></name></person-group>. <article-title>Cotton Mather’s early “Curiosa Americana” and the Boston Philosophical Society</article-title>. <source>William Mary Q</source>. <year>1961</year>;<volume>18</volume>(<issue>3</issue>):<fpage>360</fpage>-<lpage>372</lpage>.</mixed-citation></ref><ref id="bibr4-00031348221074228"><label>4</label><mixed-citation publication-type="journal"><person-group person-group-type="author"><name><surname>Kittredge</surname><given-names>GL</given-names></name></person-group>. <article-title>Some lost works by Cotton Mather</article-title>. <source>P Mass Hist Soc</source>. <year>1912</year>;<volume>45</volume>(<issue>Feb</issue>):<fpage>418</fpage>-<lpage>479</lpage>.</mixed-citation></ref><ref id="bibr5-00031348221074228"><label>5</label><mixed-citation publication-type="book"><person-group person-group-type="author"><name><surname>Coss</surname><given-names>S</given-names></name></person-group>. <source>The Fever of 1721: The Epidemic that Revolutionized Medicine and American Politics</source>. <publisher-loc>New York</publisher-loc>: <publisher-name>Simon &amp; Schuster</publisher-name>; <year>2016</year>.</mixed-citation></ref><ref id="bibr6-00031348221074228"><label>6</label><mixed-citation publication-type="book"><person-group person-group-type="author"><name><surname>Mather</surname><given-names>I</given-names></name><name><surname>Mather</surname><given-names>C</given-names></name></person-group>. <source>Several Reasons &amp;c. Sentiments on the Small Pox Inoculated. Intro by Kittredge GL</source>. <publisher-loc>Mount Vernon, NY</publisher-loc>: <publisher-name>William Edwin Rudge</publisher-name>; <year>1921</year>. <comment>Available at:</comment> <ext-link ext-link-type="uri" xlink:href="https://iiif.wellcomecollection.org/pdf/b31356655">https://iiif.wellcomecollection.org/pdf/b31356655</ext-link>. <comment>Accessed November 28, 2021</comment></mixed-citation></ref><ref id="bibr7-00031348221074228"><label>7</label><mixed-citation publication-type="journal"><person-group person-group-type="author"><name><surname>Fitz</surname><given-names>RH</given-names></name></person-group>. <article-title>Zabdiel Boylston, inoculator, and the epidemic of smallpox in Boston in 1721</article-title>. <source>Bull Johns Hopkins Hosp</source>. <year>1911</year>;<volume>22</volume>(<issue>247</issue>):<fpage>315</fpage>-<lpage>327</lpage>.</mixed-citation></ref><ref id="bibr8-00031348221074228"><label>8</label><mixed-citation publication-type="journal"><person-group person-group-type="author"><name><surname>Blake</surname><given-names>JB</given-names></name></person-group>. <article-title>The inoculation controversy in Boston: 1721-1722</article-title>. <source>New Engl Q</source>. <year>1952</year>;<volume>25</volume>(<issue>4</issue>):<fpage>489</fpage>-<lpage>506</lpage>.</mixed-citation></ref><ref id="bibr9-00031348221074228"><label>9</label><mixed-citation publication-type="book"><person-group person-group-type="author"><name><surname>Hutchinson</surname><given-names>T</given-names></name></person-group>. <source>The History of Massachusetts, from the First Settlement Thereof in 1628, until the Year 1750</source>. <publisher-loc>Salem, MA</publisher-loc>: <publisher-name>Turner and Andrews</publisher-name>, <year>1795</year>.</mixed-citation></ref><ref id="bibr10-00031348221074228"><label>10</label><mixed-citation publication-type="journal"><person-group person-group-type="author"><name><surname>Kass</surname><given-names>A</given-names></name></person-group>. <article-title>Boston’s historic smallpox epidemic</article-title>. <source>Mass Hist Rev</source>. <year>2012</year>;<volume>14</volume>:<fpage>1</fpage>-<lpage>51</lpage>.</mixed-citation></ref><ref id="bibr11-00031348221074228"><label>11</label><mixed-citation publication-type="journal"><person-group person-group-type="author"><name><surname>Barrett</surname><given-names>JT</given-names></name></person-group>. <article-title>The inoculation controversy in Puritan New England</article-title>. <source>Bull Hist Med</source>. <year>1942</year>;<volume>12</volume>(<issue>1</issue>):<fpage>169</fpage>-<lpage>190</lpage>.</mixed-citation></ref><ref id="bibr12-00031348221074228"><label>12</label><mixed-citation publication-type="journal"><person-group person-group-type="author"><name><surname>Boylston</surname><given-names>A</given-names></name></person-group>. <article-title>Zabdiel Boylston’s evaluation of inoculation against smallpox</article-title>. <source>J Roy Soc Med</source>. <year>2008</year>;<volume>101</volume>:<fpage>476</fpage>-<lpage>477</lpage>.</mixed-citation></ref></ref-list></back></article>