<?xml version="1.0" encoding="UTF-8"?><article article-type="research-article" dtd-version="1.1d1" xml:lang="EN" xmlns:mml="http://www.w3.org/1998/Math/MathML" xmlns:xlink="http://www.w3.org/1999/xlink">
<front>
<journal-meta>
<journal-id journal-id-type="publisher-id">GSJ</journal-id>
<journal-id journal-id-type="hwp">spgsj</journal-id>
<journal-title-group>
<journal-title>Global Spine Journal</journal-title>
</journal-title-group>
<issn pub-type="ppub">2192-5682</issn>
<issn pub-type="epub">2192-5690</issn>
<publisher>
<publisher-name>SAGE Publications</publisher-name>
<publisher-loc>Sage CA: Los Angeles, CA</publisher-loc>
</publisher>
</journal-meta>
<article-meta>
<article-id pub-id-type="doi">10.1177/2192568219890573</article-id>
<article-id pub-id-type="publisher-id">10.1177_2192568219890573</article-id>
<article-categories>
<subj-group subj-group-type="heading">
<subject>Original Articles</subject>
</subj-group>
</article-categories>
<title-group>
<article-title>Gender Disparities in Surgical Treatment of Axis Fractures in Older Adults</article-title>
</title-group>
<contrib-group>
<contrib contrib-type="author">
<contrib-id contrib-id-type="orcid">https://orcid.org/0000-0002-0411-6903</contrib-id>
<name>
<surname>Catalino</surname>
<given-names>Michael P.</given-names>
</name>
<degrees>MD, MSc</degrees>
<xref ref-type="aff" rid="aff1-2192568219890573">1</xref>
</contrib>
<contrib contrib-type="author" corresp="yes">
<contrib-id contrib-id-type="orcid">https://orcid.org/0000-0002-2006-5026</contrib-id>
<name>
<surname>Kessler</surname>
<given-names>Brice A.</given-names>
</name>
<degrees>MD</degrees>
<xref ref-type="aff" rid="aff1-2192568219890573">1</xref>
<xref ref-type="corresp" rid="corresp1-2192568219890573"/>
</contrib>
<contrib contrib-type="author">
<name>
<surname>Pate</surname>
<given-names>Virginia</given-names>
</name>
<degrees>MS</degrees>
<xref ref-type="aff" rid="aff1-2192568219890573">1</xref>
</contrib>
<contrib contrib-type="author">
<name>
<surname>Cutshaw</surname>
<given-names>Drew</given-names>
</name>
<degrees>BS</degrees>
<xref ref-type="aff" rid="aff1-2192568219890573">1</xref>
</contrib>
<contrib contrib-type="author">
<name>
<surname>Stürmer</surname>
<given-names>Til</given-names>
</name>
<degrees>MD, PhD</degrees>
<xref ref-type="aff" rid="aff1-2192568219890573">1</xref>
</contrib>
<contrib contrib-type="author">
<name>
<surname>Bhowmick</surname>
<given-names>Deb A.</given-names>
</name>
<degrees>MD</degrees>
<xref ref-type="aff" rid="aff1-2192568219890573">1</xref>
</contrib>
</contrib-group>
<aff id="aff1-2192568219890573">
<label>1</label><institution-wrap><institution-id institution-id-type="Ringgold">2331</institution-id><institution content-type="university">University of North Carolina</institution></institution-wrap>, Chapel Hill, NC, USA</aff>
<author-notes>
<corresp id="corresp1-2192568219890573">Brice A. Kessler, University of North Carolina School of Medicine, Department of Neurosurgery, 170 Manning Drive, Campus Box 7060, Chapel Hill, NC 27599, USA. Email: <email>Brice.Kessler@unchealth.unc.edu</email>
</corresp>
</author-notes>
<pub-date pub-type="epub-ppub">
<month>1</month>
<year>2021</year>
</pub-date>
<volume>11</volume>
<issue>1</issue>
<fpage>71</fpage>
<lpage>75</lpage>
<permissions>
<copyright-statement>© The Author(s) 2019</copyright-statement>
<copyright-year>2019</copyright-year>
<copyright-holder content-type="sage">AO Spine, unless otherwise noted. Manuscript content on this site is licensed under Creative Commons Licenses</copyright-holder>
<license license-type="creative-commons" xlink:href="https://creativecommons.org/licenses/by-nc-nd/4.0/" xlink:type="simple">
<license-p>This article is distributed under the terms of the Creative Commons Attribution-NonCommercial-NoDerivs 4.0 License (<ext-link ext-link-type="uri" xlink:href="https://creativecommons.org/licenses/by-nc-nd/4.0/">https://creativecommons.org/licenses/by-nc-nd/4.0/</ext-link>) which permits non-commercial use, reproduction and distribution of the work as published without adaptation or alteration, without further permission provided the original work is attributed as specified on the SAGE and Open Access pages (<ext-link ext-link-type="uri" xlink:href="https://us.sagepub.com/en-us/nam/open-access-at-sage">https://us.sagepub.com/en-us/nam/open-access-at-sage</ext-link>).</license-p>
</license>
</permissions>
<abstract>
<sec>
<title>Study Design:</title>
<p>Retrospective cohort study.</p>
</sec>
<sec>
<title>Objectives:</title>
<p>Gender appears to play in important role in surgical outcomes following acute cervical spine trauma, with current literature suggesting males have a significantly higher mortality following spine surgery. However, no well-adjusted population-based studies of gender disparities in incidence and outcomes of spine surgery following acute traumatic axis injuries exist to our knowledge. We hypothesized that females would receive surgery less often than males, but males would have a higher 1-year mortality following isolated traumatic axis fractures.</p>
</sec>
<sec>
<title>Methods:</title>
<p>We performed a retrospective cohort study using Medicare claims data that identified US citizens aged 65 and older with ICD-9 (International Classification of Diseases, Ninth Revision) code diagnosis corresponding to isolated acute traumatic axis fracture between 2007 and 2014. Our primary outcome was defined as cumulative incidence of surgical treatment, and our secondary outcome was 1-year mortality. Propensity weighted analysis was performed to balance covariates between genders. Our institutional review board approved the study (IRB #16-0533).</p>
</sec>
<sec>
<title>Results:</title>
<p>There was no difference in incidence of surgery between males and females following acute isolated traumatic axis fractures (7.4 and 7.5 per 100 fractures, respectively). Males had significantly higher 1-year weighted mortality overall (41.7 and 28.9 per 100 fractures, respectively, <italic>P</italic> &lt; .001).</p>
</sec>
<sec>
<title>Conclusion:</title>
<p>Our well-adjusted data suggest there was no significant gender disparity in incidence of surgical treatment over the study period. The data also support previous observations that males have worse outcomes in comparison to females in the setting of axis fractures and spinal trauma regardless of surgical intervention.</p>
</sec>
</abstract>
<kwd-group>
<kwd>spine trauma</kwd>
<kwd>axis fracture</kwd>
<kwd>propensity analysis</kwd>
<kwd>gender disparities</kwd>
<kwd>mortality</kwd>
</kwd-group>
<custom-meta-group>
<custom-meta>
<meta-name>typesetter</meta-name>
<meta-value>ts3</meta-value>
</custom-meta>
</custom-meta-group>
</article-meta>
</front>
<body>
<sec id="section1-2192568219890573" sec-type="intro">
<title>Introduction</title>
<p>Gender plays an important role in surgical outcomes after spine trauma.<sup>
<xref ref-type="bibr" rid="bibr1-2192568219890573">1</xref>
</sup> Traumatic fracture of the axis, or the second cervical vertebra, is the most common cervical spine injury in the elderly and associated with high morbidity.<sup>
<xref ref-type="bibr" rid="bibr2-2192568219890573">2</xref>
</sup> Gender differences in female cervical spine morphology may contribute to injury susceptibility, with axis fractures occurring more commonly in females, although males have been shown to have a higher mortality.<sup>
<xref ref-type="bibr" rid="bibr3-2192568219890573">3</xref>
<xref ref-type="bibr" rid="bibr4-2192568219890573"/>-<xref ref-type="bibr" rid="bibr5-2192568219890573">5</xref>
</sup> Surgical intervention can promote fracture healing through internal stabilization but also introduces perioperative risk, especially for those with comorbid health conditions.<sup>
<xref ref-type="bibr" rid="bibr4-2192568219890573">4</xref>,<xref ref-type="bibr" rid="bibr6-2192568219890573">6</xref>
</sup> Elderly females are at a higher risk for osteoporotic disease of the cervical spine, which may limit surgical options and increase the risk of hardware failure.<sup>
<xref ref-type="bibr" rid="bibr7-2192568219890573">7</xref>
</sup> However, females appear to fair better regardless of treatment.<sup>
<xref ref-type="bibr" rid="bibr4-2192568219890573">4</xref>,<xref ref-type="bibr" rid="bibr8-2192568219890573">8</xref>
</sup> Recent studies of morbidity and mortality after spine surgery showed that males had a 63% higher odds of mortality compared with females after spine surgery despite no difference in complications.<sup>
<xref ref-type="bibr" rid="bibr9-2192568219890573">9</xref>,<xref ref-type="bibr" rid="bibr10-2192568219890573">10</xref>
</sup> So, despite the predilection for osteoporotic disease and relative susceptibility of cervical spine injury in older females, it is unclear whether or not this has led to significant gender disparity in the surgical treatment and outcomes at a population level. No well-adjusted population studies of gender disparities in spine surgery treatment exist to our knowledge. Our specific aim was to estimate cumulative incidence of surgical treatment and 1-year cumulative mortality by gender among older adults with acute traumatic axis fractures. We hypothesized that (1) females would receive surgery less often than males but that (2) males would have a higher 1-year mortality.</p>
</sec>
<sec id="section2-2192568219890573" sec-type="methods">
<title>Methods</title>
<p>We performed a retrospective cohort study using Medicare claims data in US citizens aged 65 and older. We used a 20% random sample of all fee-for-service beneficiaries with concurrent Medicare Parts A, B, and D coverage in at least 1 month between 2007 and 2014. Our institutional review board approved the study (IRB #16-0533). Eligible beneficiaries were continuously enrolled in fee-for-service Medicare for at least 12 months. We defined isolated acute traumatic axis fractures according to the following inclusion criteria: an inpatient hospitalization with a primary, secondary or tertiary discharge 805.02 ICD-9 (International Classification of Diseases, Ninth Revision) code, or a physician claim with 805.02 as the primary diagnosis during a hospitalization. Patients were excluded if they had any cervical fracture or spinal cord injury in the prior 12 months, except for outpatients who had eligible inpatient claims within 30 days of index hospitalization. We also excluded patients with codes for severe brain injury, skull fractures, coma, concurrent atlas-axis fractures, multiple cervical fractures, and pathologic fractures. Surgical axis fracture treatment was defined by preselected Common Procedure Terminology (CPT; 22 318, 22 319, 22 551, 22 590, 22 595, 22 600) codes during the index hospitalization. Due to the nature of claims data, only E code and the race variable had missing data on predictors of surgery. “No E code” was included as a categorical variable, and beneficiaries with unknown race were grouped with “Other” race.</p>
<p>The primary outcome was cumulative incidence of surgical treatment and secondary outcome was 1-year cumulative mortality. Primary exposure was gender. In order to balance baseline (prefracture) variables potentially affecting surgery and mortality between men and women, we used propensity weighting (<xref ref-type="table" rid="table1-2192568219890573">Table 1</xref>). Both males and females were weighted to the overall population so that the final proportion of each covariate was similar in males and females. We did this by first estimating the probability of being female based on all measured covariates and then weighting each patient by the inverse of the probability of their actual gender (inverse probability weights). This resulted in pseudo-cohorts of men and women with similar covariate distributions. Standardized absolute mean differences of less than 0.1 are usually regarded as an indication of good covariate balance. This removes confounding by measured covariates by balancing, for example, comorbid conditions that may affect their surgical candidacy and enables us to directly compare the 2 genders. Once groups were weighted, the incidence of surgery for each gender was calculated. In a similar fashion, propensity weights were used to estimate 1-year mortality. For this analysis we stratified by surgical treatment to estimate gender disparity in 1-year mortality (1) overall, (2) without surgery, and (3) with surgery. We generated cross-tabulations and used Pearson χ<sup>2</sup> tests to compare distributions. Data is reported as the cumulative incidence proportions over the specified timeframe for each outcome variable.</p>
<table-wrap id="table1-2192568219890573" position="float">
<label>Table 1.</label>
<caption>
<p>Incident Fracture Population Characteristics (Crude and Weighted Baseline Characteristics by Gender).</p>
</caption>
<alternatives>
<graphic xlink:href="10.1177_2192568219890573-table1.tif"/>
<table>
<thead>
<tr>
<th rowspan="2">Effect Modifier<sup>a</sup>
</th>
<th colspan="3">Unweighted</th>
<th colspan="3">Weighted</th>
</tr>
<tr>
<th>Female (n = 1898)</th>
<th>Male (n = 825)</th>
<th>SMD</th>
<th>Female (n = 2726)</th>
<th>Male (n = 2834)</th>
<th>SAMD</th>
</tr>
</thead>
<tbody>
<tr>
<td>Age, mean (SD)</td>
<td>83.7 (7.79)</td>
<td>81.2 (7.84)</td>
<td>0.329</td>
<td>83.0 (7.76)</td>
<td>83.3 (8.41)</td>
<td>0.030</td>
</tr>
<tr>
<td>Race</td>
<td/>
<td/>
<td/>
<td/>
<td/>
<td/>
</tr>
<tr>
<td> Other</td>
<td>1746 (92.0%)</td>
<td>756 (91.6%)</td>
<td>0.013</td>
<td>2490 (91.3%)</td>
<td>2635 (93.0%)</td>
<td>0.061</td>
</tr>
<tr>
<td> White</td>
<td>77 (4.1%)</td>
<td>38 (4.6%)</td>
<td>0.027</td>
<td>119 (4.4%)</td>
<td>97 (3.4%)</td>
<td>0.049</td>
</tr>
<tr>
<td> Black</td>
<td>75 (4.0%)</td>
<td>31 (3.8%)</td>
<td>0.010</td>
<td>117 (4.3%)</td>
<td>102 (3.6%)</td>
<td>0.035</td>
</tr>
<tr>
<td>Region</td>
<td/>
<td/>
<td/>
<td/>
<td/>
<td/>
</tr>
<tr>
<td> Northeast</td>
<td>387 (20.4%)</td>
<td>167 (20.2%)</td>
<td>0.004</td>
<td>575 (21.1%)</td>
<td>631 (22.3%)</td>
<td>0.028</td>
</tr>
<tr>
<td> Midwest</td>
<td>525 (27.7%)</td>
<td>229 (27.8%)</td>
<td>0.002</td>
<td>738 (27.1%)</td>
<td>728 (25.7%)</td>
<td>0.031</td>
</tr>
<tr>
<td> South</td>
<td>744 (39.2%)</td>
<td>290 (35.2%)</td>
<td>0.084</td>
<td>1,023 (37.5%)</td>
<td>970 (34.2%)</td>
<td>0.069</td>
</tr>
<tr>
<td> West</td>
<td>242 (12.8%)</td>
<td>139 (16.8%)</td>
<td>0.116</td>
<td>389 (14.3%)</td>
<td>505 (17.8%)</td>
<td>0.096</td>
</tr>
<tr>
<td>Mechanism</td>
<td/>
<td/>
<td/>
<td/>
<td/>
<td/>
</tr>
<tr>
<td> High energy</td>
<td>231 (12.2%)</td>
<td>114 (13.8%)</td>
<td>0.049</td>
<td>349 (12.8%)</td>
<td>353 (12.4%)</td>
<td>0.011</td>
</tr>
<tr>
<td> Low energy</td>
<td>1531 (80.7%)</td>
<td>646 (78.3%)</td>
<td>0.058</td>
<td>2184 (80.1%)</td>
<td>2252 (79.4%)</td>
<td>0.017</td>
</tr>
<tr>
<td> No E code</td>
<td>136 (7.2%)</td>
<td>65 (7.9%)</td>
<td>0.027</td>
<td>193 (7.1%)</td>
<td>230 (8.1%)</td>
<td>0.039</td>
</tr>
<tr>
<td colspan="7">Outpatient office visits</td>
</tr>
<tr>
<td> 0</td>
<td>141 (7.4%)</td>
<td>49 (5.9%)</td>
<td>0.060</td>
<td>197 (7.2%)</td>
<td>212 (7.5%)</td>
<td>0.010</td>
</tr>
<tr>
<td> 1-6</td>
<td>645 (34.0%)</td>
<td>249 (30.2%)</td>
<td>0.082</td>
<td>894 (32.8%)</td>
<td>888 (31.3%)</td>
<td>0.031</td>
</tr>
<tr>
<td> 7-12</td>
<td>521 (27.4%)</td>
<td>232 (28.1%)</td>
<td>0.015</td>
<td>750 (27.5%)</td>
<td>807 (28.5%)</td>
<td>0.021</td>
</tr>
<tr>
<td> 13+</td>
<td>591 (31.1%)</td>
<td>295 (35.8%)</td>
<td>0.098</td>
<td>885 (32.5%)</td>
<td>927 (32.7%)</td>
<td>0.005</td>
</tr>
<tr>
<td colspan="7">Home health claims</td>
</tr>
<tr>
<td> 0</td>
<td>1324 (69.8%)</td>
<td>621 (75.3%)</td>
<td>0.124</td>
<td>1936 (71.0%)</td>
<td>1818 (64.1%)</td>
<td>0.147</td>
</tr>
<tr>
<td> 1</td>
<td>293 (15.4%)</td>
<td>104 (12.6%)</td>
<td>0.082</td>
<td>406 (14.9%)</td>
<td>618 (21.8%)</td>
<td>0.179</td>
</tr>
<tr>
<td> 2+</td>
<td>281 (14.8%)</td>
<td>100 (12.1%)</td>
<td>0.079</td>
<td>385 (14.1%)</td>
<td>398 (14.1%)</td>
<td>0.002</td>
</tr>
<tr>
<td colspan="7">Hospital days</td>
</tr>
<tr>
<td> &lt;1 week</td>
<td>1418 (74.7%)</td>
<td>637 (77.2%)</td>
<td>0.059</td>
<td>2021 (74.1%)</td>
<td>1976 (69.7%)</td>
<td>0.099</td>
</tr>
<tr>
<td> 1-&lt;2 weeks</td>
<td>262 (13.8%)</td>
<td>92 (11.2%)</td>
<td>0.080</td>
<td>368 (13.5%)</td>
<td>483 (17.0%)</td>
<td>0.098</td>
</tr>
<tr>
<td> 2+ weeks</td>
<td>218 (11.5%)</td>
<td>96 (11.6%)</td>
<td>0.005</td>
<td>337 (12.4%)</td>
<td>375 (13.2%)</td>
<td>0.027</td>
</tr>
<tr>
<td colspan="7">SNF stays</td>
</tr>
<tr>
<td> 0</td>
<td>1540 (81.1%)</td>
<td>695 (84.2%)</td>
<td>0.082</td>
<td>2210 (81.1%)</td>
<td>2213 (78.1%)</td>
<td>0.074</td>
</tr>
<tr>
<td> 1</td>
<td>242 (12.8%)</td>
<td>83 (10.1%)</td>
<td>0.085</td>
<td>333 (12.2%)</td>
<td>320 (11.3%)</td>
<td>0.030</td>
</tr>
<tr>
<td> 2+</td>
<td>116 (6.1%)</td>
<td>47 (5.7%)</td>
<td>0.018</td>
<td>183 (6.7%)</td>
<td>302 (10.7%)</td>
<td>0.141</td>
</tr>
<tr>
<td colspan="7">DME claims</td>
</tr>
<tr>
<td> 0</td>
<td>968 (51.0%)</td>
<td>428 (51.9%)</td>
<td>0.018</td>
<td>1353 (49.6%)</td>
<td>1253 (44.2%)</td>
<td>0.109</td>
</tr>
<tr>
<td> 1</td>
<td>272 (14.3%)</td>
<td>93 (11.3%)</td>
<td>0.092</td>
<td>372 (13.6%)</td>
<td>362 (12.8%)</td>
<td>0.026</td>
</tr>
<tr>
<td> 2+</td>
<td>658 (34.7%)</td>
<td>304 (36.8%)</td>
<td>0.046</td>
<td>1001 (36.7%)</td>
<td>1219 (43.0%)</td>
<td>0.129</td>
</tr>
<tr>
<td colspan="7">ED visits</td>
</tr>
<tr>
<td> 0-1</td>
<td>679 (35.8%)</td>
<td>324 (39.3%)</td>
<td>0.072</td>
<td>988 (36.3%)</td>
<td>925 (32.6%)</td>
<td>0.076</td>
</tr>
<tr>
<td> 2-5</td>
<td>1031 (54.3%)</td>
<td>427 (51.8%)</td>
<td>0.051</td>
<td>1466 (53.8%)</td>
<td>1654 (58.4%)</td>
<td>0.093</td>
</tr>
<tr>
<td> 6+</td>
<td>188 (9.9%)</td>
<td>74 (9.0%)</td>
<td>0.032</td>
<td>272 (10.0%)</td>
<td>255 (9.0%)</td>
<td>0.033</td>
</tr>
<tr>
<td colspan="7">Medication prescriptions</td>
</tr>
<tr>
<td> 0-4</td>
<td>180 (9.5%)</td>
<td>128 (15.5%)</td>
<td>0.183</td>
<td>301 (11.0%)</td>
<td>323 (11.4%)</td>
<td>0.011</td>
</tr>
<tr>
<td> 5-9</td>
<td>528 (27.8%)</td>
<td>232 (28.1%)</td>
<td>0.007</td>
<td>738 (27.1%)</td>
<td>687 (24.2%)</td>
<td>0.065</td>
</tr>
<tr>
<td> 10+</td>
<td>1190 (62.7%)</td>
<td>465 (56.4%)</td>
<td>0.129</td>
<td>1688 (61.9%)</td>
<td>1825 (64.4%)</td>
<td>0.051</td>
</tr>
<tr>
<td>Anticoagulants</td>
<td>654 (34.5%)</td>
<td>289 (35.0%)</td>
<td>0.012</td>
<td>948 (34.8%)</td>
<td>1073 (37.8%)</td>
<td>0.064</td>
</tr>
<tr>
<td>Bisphosphonates</td>
<td>381 (20.1%)</td>
<td>34 (4.1%)</td>
<td>0.505</td>
<td>415 (15.2%)</td>
<td>382 (13.5%)</td>
<td>0.050</td>
</tr>
<tr>
<td>Loop diuretics</td>
<td>662 (34.9%)</td>
<td>264 (32.0%)</td>
<td>0.061</td>
<td>940 (34.5%)</td>
<td>1069 (37.7%)</td>
<td>0.067</td>
</tr>
<tr>
<td>PPI</td>
<td>749 (39.5%)</td>
<td>253 (30.7%)</td>
<td>0.185</td>
<td>1023 (37.5%)</td>
<td>964 (34.0%)</td>
<td>0.073</td>
</tr>
<tr>
<td>CCI, mean (SD)</td>
<td>3.5 (2.64)</td>
<td>4.1 (2.87)</td>
<td>0.193</td>
<td>3.8 (2.80)</td>
<td>4.1 (3.07)</td>
<td>0.114</td>
</tr>
<tr>
<td>Frailty score, mean (SD)</td>
<td>0.4 (0.30)</td>
<td>0.3 (0.28)</td>
<td>0.379</td>
<td>0.4 (0.31)</td>
<td>0.4 (0.34)</td>
<td>0.114</td>
</tr>
</tbody>
</table>
</alternatives>
<table-wrap-foot>
<fn id="table-fn1-2192568219890573">
<p>Abbreviations: SMD, standardized mean difference; SAMD, standardized absolute mean difference; SD, standard deviation; SNF, skilled nursing facility; DME, durable medical equipment; ED, emergency department; PPI, proton pump inhibitor; CCI, Charlson comorbidity index; NSAID, nonsteroidal anti-inflammatory drug.</p>
</fn>
<fn id="table-fn2-2192568219890573">
<p>
<sup>a</sup> Additional weighted baseline modifiers included in model: specific medications (ACE inhibitors, antiarrhythmics, beta-blockers, calcium channel blockers, NSAIDs) and individual Charlson comorbidity and Frailty Score component variables.</p>
</fn>
</table-wrap-foot>
</table-wrap>
</sec>
<sec id="section3-2192568219890573" sec-type="results">
<title>Results</title>
<p>There were 1898 females and 825 males that met inclusion and exclusion criteria for the primary outcome (cumulative incidence of surgery). Surgical case code distributions are reported in <xref ref-type="table" rid="table2-2192568219890573">Table 2</xref>. Crude and weighted covariates are presented in <xref ref-type="table" rid="table1-2192568219890573">Table 1</xref>. The groups were well balanced except for baseline hospital days, skilled nursing facility stays, and durable medical equipment claims; females were generally healthier at baseline. Males also had slightly higher Charlson comorbidity index (CCI) at baseline. Crude and weighted age distributions are shown in <xref ref-type="table" rid="table3-2192568219890573">Table 3</xref>. There were 1592 females and 672 males with 1-year follow-up available for the mortality analysis. Both CCI and the frailty score were well balanced between males and females in the weighted nonsurgical group, but CCI remained higher in males within the weighted surgical group.</p>
<table-wrap id="table2-2192568219890573" position="float">
<label>Table 2.</label>
<caption>
<p>Distribution of Surgical Treatment Codes.</p>
</caption>
<alternatives>
<graphic xlink:href="10.1177_2192568219890573-table2.tif"/>
<table>
<thead>
<tr>
<th>Surgery</th>
<th>Code</th>
<th>N</th>
</tr>
</thead>
<tbody>
<tr>
<td>Anterior reduction of odontoid fracture</td>
<td>22 318</td>
<td>136</td>
</tr>
<tr>
<td/>
<td>22 319</td>
<td/>
</tr>
<tr>
<td>Posterior C1-2</td>
<td>22 595</td>
<td>56</td>
</tr>
<tr>
<td>Other</td>
<td>22 595</td>
<td>23</td>
</tr>
<tr>
<td/>
<td>22 590</td>
<td/>
</tr>
<tr>
<td/>
<td>22 600</td>
<td/>
</tr>
<tr>
<td/>
<td>22 551</td>
<td/>
</tr>
</tbody>
</table>
</alternatives>
</table-wrap>
<table-wrap id="table3-2192568219890573" position="float">
<label>Table 3.</label>
<caption>
<p>Age Distribution by Gender.</p>
</caption>
<alternatives>
<graphic xlink:href="10.1177_2192568219890573-table3.tif"/>
<table>
<thead>
<tr>
<th rowspan="2">Age Group</th>
<th colspan="3">Unweighted</th>
<th colspan="3">Weighted</th>
</tr>
<tr>
<th>Female (n = 1898)</th>
<th>Male (n = 825)</th>
<th>Standard Difference</th>
<th>Female (n = 2726)</th>
<th>Male (n = 2834)</th>
<th>Standard Difference</th>
</tr>
</thead>
<tbody>
<tr>
<td>66-69</td>
<td>105 (5.5%)</td>
<td>75 (9.1%)</td>
<td>0.137</td>
<td>172 (6.3%)</td>
<td>193 (6.8%)</td>
<td>0.021</td>
</tr>
<tr>
<td>70-74</td>
<td>175 (9.2%)</td>
<td>110 (13.3%)</td>
<td>0.130</td>
<td>274 (10.0%)</td>
<td>267 (9.4%)</td>
<td>0.021</td>
</tr>
<tr>
<td>75-79</td>
<td>254 (13.4%)</td>
<td>149 (18.1%)</td>
<td>0.129</td>
<td>396 (14.5%)</td>
<td>450 (15.9%)</td>
<td>0.038</td>
</tr>
<tr>
<td>80-84</td>
<td>389 (20.5%)</td>
<td>188 (22.8%)</td>
<td>0.056</td>
<td>595 (21.8%)</td>
<td>592 (20.9%)</td>
<td>0.023</td>
</tr>
<tr>
<td>85-89</td>
<td>517 (27.2%)</td>
<td>177 (21.5%)</td>
<td>0.135</td>
<td>724 (26.5%)</td>
<td>574 (20.3%)</td>
<td>0.149</td>
</tr>
<tr>
<td>90+</td>
<td>458 (24.1%)</td>
<td>126 (15.3%)</td>
<td>0.224</td>
<td>566 (20.8%)</td>
<td>758 (26.7%)</td>
<td>0.141</td>
</tr>
</tbody>
</table>
</alternatives>
</table-wrap>
<p>For our primary outcome, the crude and propensity weighted cumulative incidence of surgery by gender is shown in <xref ref-type="table" rid="table4-2192568219890573">Table 4</xref>. Females had a slightly lower unweighted incidence of surgery (7.3 per 100 with a fracture) than males (9.3), but this difference was not significant after weighting. For our secondary outcome, the 1-year propensity weighted mortality by gender and surgical treatment are presented in <xref ref-type="table" rid="table5-2192568219890573">Table 5</xref> Males had higher mortality regardless of surgical treatment, even after propensity weighting. The surgical group outcomes were limited by the smaller sample sizes.</p>
<table-wrap id="table4-2192568219890573" position="float">
<label>Table 4.</label>
<caption>
<p>Cumulative Incidence Proportions of Patients Having Surgery per 100 Beneficiaries With a Fracture (All Patients Regardless of Follow-up).</p>
</caption>
<alternatives>
<graphic xlink:href="10.1177_2192568219890573-table4.tif"/>
<table>
<thead>
<tr>
<th>Analysis</th>
<th>Female</th>
<th>Male</th>
<th>
<italic>P</italic>
</th>
</tr>
</thead>
<tbody>
<tr>
<td>Crude</td>
<td>7.3 (6.2-8.6)</td>
<td>9.3 (7.5-11.7)</td>
<td>.0792</td>
</tr>
<tr>
<td>Weighted</td>
<td>7.5 (6.3-9.0)</td>
<td>7.4 (5.4-10.0)</td>
<td>.9163</td>
</tr>
</tbody>
</table>
</alternatives>
</table-wrap>
<table-wrap id="table5-2192568219890573" position="float">
<label>Table 5.</label>
<caption>
<p>One-Year All-Cause Mortality per 100 Beneficiaries With a Fracture.</p>
</caption>
<alternatives>
<graphic xlink:href="10.1177_2192568219890573-table5.tif"/>
<table>
<thead>
<tr>
<th>Cohort</th>
<th>Analysis</th>
<th>Female</th>
<th>Male</th>
<th>
<italic>P</italic>
</th>
</tr>
</thead>
<tbody>
<tr>
<td rowspan="2">Overall</td>
<td>Crude</td>
<td>30.5 (27.9-33.4)</td>
<td>38.4 (34.0-43.4)</td>
<td>.0029</td>
</tr>
<tr>
<td>Weighted</td>
<td>28.9 (26.5-31.6)</td>
<td>41.7 (35.7-48.8)</td>
<td>&lt;.0001</td>
</tr>
<tr>
<td rowspan="2">Nonsurgical</td>
<td>Crude</td>
<td>31.4 (28.6-34.4)</td>
<td>39.9 (35.2-45.2)</td>
<td>.0024</td>
</tr>
<tr>
<td>Weighted</td>
<td>29.9 (27.4-32.7)</td>
<td>42.9 (36.7-50.1)</td>
<td>&lt;.0001</td>
</tr>
<tr>
<td rowspan="2">Surgical</td>
<td>Crude</td>
<td>19.8 (13.2-29.8)</td>
<td>23.8 (14.4-39.5)</td>
<td>.5813</td>
</tr>
<tr>
<td>Weighted</td>
<td>19.1 (12.9-28.4)</td>
<td>23.9 (14.7-38.7)</td>
<td>.4864</td>
</tr>
</tbody>
</table>
</alternatives>
</table-wrap>
</sec>
<sec id="section4-2192568219890573" sec-type="discussion">
<title>Discussion</title>
<p>In this study, we used propensity weights to balance covariates between genders to disentangle the effects of gender and covariates, including comorbidity and frailty on the cumulative incidence of surgery and 1-year mortality after acute traumatic axis fractures in older US adults. We found that there was no gender disparity in surgical treatment during the study period. Weighted cumulative incidences of surgical treatment were essentially equal, and thus we conclude that gender did not independently exert an effect on surgical decision making during the years studied. We also show that, as expected, 1-year mortality was higher for males compared with females. As seen in other specialties, we show that clinical impressions are typically a result of crude rather than adjusted values.<sup>
<xref ref-type="bibr" rid="bibr11-2192568219890573">11</xref>
</sup> This would be most evident in a limited dataset, but with our nationally representative data, we were able to show adjusted incidence of surgical treatment was actually equal, and our clinical intuition was partially explained by confounding. So while females may be more susceptible to traumatic injury of the axis (68.7% of our sample), our data supports previous observations that males fare poorer in comparison to females in the setting of axis fractures and trauma overall.<sup>
<xref ref-type="bibr" rid="bibr12-2192568219890573">12</xref>
</sup>
</p>
<p>There are limitations of the study that must be addressed. The most important limitation of this study is the reliance on the accuracy of coding within the Medicare database and the inability to confirm the diagnoses and treatments. While we attempted to exclude patients with major comorbidities or concurrent injuries, if not captured in the coding then male mortality in particular may be inflated given the proven susceptibility of males to the sequela of trauma. Furthermore, given limitation in ICD-9 coding, odontoid fractures, which are the most common and deadly fracture of the axis, cannot be distinguished from other axis fractures. Nonetheless, almost 90% of axis fractures in older adults are odontoid fractures, and given the biomechanical stability of these fractures as borne out by Müller et al, it is unlikely that these nonodontoid fracture contribute to higher mortality in this age group.<sup>
<xref ref-type="bibr" rid="bibr13-2192568219890573">13</xref>,<xref ref-type="bibr" rid="bibr14-2192568219890573">14</xref>
</sup> If, however, odontoid fractures were unbalanced in the groups, this would lower the mortality of the group with lower number of odontoid fractures. Conversely, if our assumption is incorrect and the nonodontoid fractures were more morbid, mortality would increase. Given the lack of granularity in our data we cannot draw meaningful conclusions about fracture morphology, treatment, and gender. We have attempted to be fairly rigid in our inclusion and exclusion criteria, unlike other studies, which is a strength of our methods but does limit our sample size.<sup>
<xref ref-type="bibr" rid="bibr15-2192568219890573">15</xref>
</sup> Finally, surgical decision making includes numerous unmeasurable variables that are not included in this study. There was a relatively high rate of anterior cervical approaches in our study (<xref ref-type="table" rid="table2-2192568219890573">Table 2</xref>). The choice of anterior versus posterior approach likely depends on variables including fracture morphology and surgeon preference, which we cannot account for in this model. We did include key comorbidities that were all adjusted for in our propensity weighted cohort. A population-centered trend in surgical treatment disparities should, however, be detected in this nationwide study with a representative sample of Medicare patients.</p>
<p>For our primary objective, we show equal incidence of surgical treatment. This small subset of patients with axis fractures represents a limited sample because we attempted to identify only isolated acute axis fractures and exclude multiple fractures, chronic fractures, and traumatic brain injury patients. This may limit the generalizability of our results, but it nonetheless describes the most likely scenario encountered in clinical practice. For our secondary objective, we show that males have a higher mortality than females. We found that for every 100 patients with isolated acute axis fractures, 13 more males were dead at 1 year than females. Despite correcting for numerous comorbidities, the higher mortality for males is consistent with previous studies and likely related to higher baseline unmeasurable mortality risk in males.<sup>
<xref ref-type="bibr" rid="bibr10-2192568219890573">10</xref>,<xref ref-type="bibr" rid="bibr12-2192568219890573">12</xref>
</sup>
</p>
<p>Surgeons are oftentimes faced with patients who, despite suffering from a surgically fixable problem, have a low likelihood of successful outcome due to confounding factors that cloud decision making when using clinical intuition reflective of only crude associations. Older adults with isolated acute axis fractures present a clinical decision-making challenge. For almost the last decade, it appears that gender equality has been preserved in this decision-making process, despite males having a significantly higher postoperative mortality than females.</p>
</sec>
</body>
<back>
<fn-group>
<fn fn-type="conflict" id="fn1-2192568219890573">
<label>Declaration of Conflicting Interests</label>
<p>The author(s) declared the following potential conflicts of interest with respect to the research, authorship, and/or publication of this article:</p>
<p>Michael P. Catalino receives investigator-initiated research funding from the North Carolina Spine Society.</p>
<p>Brice A. Kessler, Virginia Pate, and Drew Cutshaw have no conflicts of interest to disclose.</p>
<p>Til Stürmer receives investigator-initiated research funding and support as principal investigator (AG056479) from the National Institute on Aging (NIA), and as co-investigator (R01 CA174453; R01 HL118255), National Institutes of Health (NIH). He also receives salary support as Director of the Comparative Effectiveness Research (CER) Strategic Initiative, NC TraCS Institute, UNC Clinical and Translational Science Award (UL1TR002489), and from the Center for Pharmacoepidemiology (current members: GlaxoSmithKline, UCB BioSciences, Merck, and Takeda) and research support from pharmaceutical companies (Amgen, AstraZeneca) to the Department of Epidemiology, University of North Carolina at Chapel Hill. Dr Stürmer does not accept personal compensation of any kind from any pharmaceutical company. He owns stock in Novartis, Roche, BASF, AstraZeneca, and Novo Nordisk.</p>
<p>Deb A. Bhowmick is an educational consultant for Medtronic, PLC. He receives investigator-initiated research funding from NC TraCS Institute; he has received contracted educational compensation from Medtronic Inc.</p>
</fn>
<fn fn-type="financial-disclosure" id="fn2-2192568219890573">
<label>Funding</label>
<p>The author(s) disclosed receipt of the following financial support for the research, authorship, and/or publication of this article: The database infrastructure used for this project was funded by the Pharmacoepidemiology Gillings Innovation Lab (PEGIL) for the Population-Based Evaluation of Drug Benefits and Harms in Older US Adults (GIL200811.0010); the Center for Pharmacoepidemiology, Department of Epidemiology, UNC Gillings School of Global Public Health, the CER Strategic Initiative of UNC’s Clinical Translational Science Award (UL1TR001111); the Cecil G. Sheps Center for Health Services Research, UNC, and the UNC School of Medicine.</p>
</fn>
<fn fn-type="other" id="fn3-2192568219890573">
<label>ORCID iD</label>
<p>Michael P. Catalino, MD, MSc <inline-graphic xlink:href="10.1177_2192568219890573-img1.tif"/> <ext-link ext-link-type="uri" xlink:href="https://orcid.org/0000-0002-0411-6903">https://orcid.org/0000-0002-0411-6903</ext-link>
</p>
<p>Brice A. Kessler, MD <inline-graphic xlink:href="10.1177_2192568219890573-img1.tif"/> <ext-link ext-link-type="uri" xlink:href="https://orcid.org/0000-0002-2006-5026">https://orcid.org/0000-0002-2006-5026</ext-link>
</p>
</fn>
</fn-group>
<ref-list>
<title>References</title>
<ref id="bibr1-2192568219890573">
<label>1</label>
<mixed-citation publication-type="journal">
<person-group person-group-type="author">
<name>
<surname>Schoenfeld</surname>
<given-names>AJ</given-names>
</name>
<name>
<surname>Belmont</surname>
<given-names>PJ</given-names>
<suffix>Jr</suffix>
</name>
<name>
<surname>See</surname>
<given-names>AA</given-names>
</name>
<name>
<surname>Bader</surname>
<given-names>JO</given-names>
</name>
<name>
<surname>Bono</surname>
<given-names>CM</given-names>
</name>
</person-group>. <article-title>Patient demographics, insurance status, race, and ethnicity as predictors of morbidity and mortality after spine trauma: a study using the National Trauma Data Bank</article-title>. <source>Spine (Phila Pa 1976)</source>. <year>2013</year>;<volume>13</volume>:<fpage>1766</fpage>–<lpage>1773</lpage>. <comment>doi:10.1016/j.spinee.2013.03.024</comment>
</mixed-citation>
</ref>
<ref id="bibr2-2192568219890573">
<label>2</label>
<mixed-citation publication-type="journal">
<person-group person-group-type="author">
<name>
<surname>Leucht</surname>
<given-names>P</given-names>
</name>
<name>
<surname>Fischer</surname>
<given-names>K</given-names>
</name>
<name>
<surname>Muhr</surname>
<given-names>G</given-names>
</name>
<name>
<surname>Mueller</surname>
<given-names>EJ</given-names>
</name>
</person-group>. <article-title>Epidemiology of traumatic spine fractures</article-title>. <source>Injury</source>. <year>2009</year>;<volume>40</volume>:<fpage>166</fpage>–<lpage>172</lpage>. <comment>doi:10.1016/j.injury.2008.06.040</comment>
</mixed-citation>
</ref>
<ref id="bibr3-2192568219890573">
<label>3</label>
<mixed-citation publication-type="journal">
<person-group person-group-type="author">
<name>
<surname>Stemper</surname>
<given-names>BD</given-names>
</name>
<name>
<surname>Yoganandan</surname>
<given-names>N</given-names>
</name>
<name>
<surname>Pintar</surname>
<given-names>FA</given-names>
</name>
</person-group>, <etal>et al.</etal> <article-title>Anatomical gender differences in cervical vertebrae of size-matched volunteers</article-title>. <source>Spine (Phila Pa1976)</source>. <year>2008</year>;<volume>33</volume>:<fpage>E44</fpage>–<lpage>E49</lpage>. <comment>doi:10.1097/BRS.0b013e318160462a</comment>
</mixed-citation>
</ref>
<ref id="bibr4-2192568219890573">
<label>4</label>
<mixed-citation publication-type="journal">
<person-group person-group-type="author">
<name>
<surname>Smith</surname>
<given-names>JS</given-names>
</name>
<name>
<surname>Kepler</surname>
<given-names>CK</given-names>
</name>
<name>
<surname>Kopjar</surname>
<given-names>B</given-names>
</name>
</person-group>, <etal>et al.</etal> <article-title>Effect of type II odontoid fracture nonunion on outcome among elderly patients treated without surgery: based on the AOSpine North America geriatric odontoid fracture study</article-title>. <source>Spine (Phila Pa 1976)</source>. <year>2013</year>;<volume>38</volume>:<fpage>2240</fpage>–<lpage>2246</lpage>.</mixed-citation>
</ref>
<ref id="bibr5-2192568219890573">
<label>5</label>
<mixed-citation publication-type="journal">
<person-group person-group-type="author">
<name>
<surname>Chapman</surname>
<given-names>J</given-names>
</name>
<name>
<surname>Smith</surname>
<given-names>JS</given-names>
</name>
<name>
<surname>Kopjar</surname>
<given-names>B</given-names>
</name>
</person-group>, <etal>et al.</etal> <article-title>The AOSpine North America Geriatric Odontoid Fracture Mortality Study: a retrospective review of mortality outcomes for operative versus nonoperative treatment of 322 patients with long-term follow-up</article-title>. <source>Spine (Phila Pa 1976)</source>. <year>2013</year>;<volume>38</volume>:<fpage>1098</fpage>–<lpage>1104</lpage>. <comment>doi:10.1097/BRS.0b013e318286f0cf</comment>
</mixed-citation>
</ref>
<ref id="bibr6-2192568219890573">
<label>6</label>
<mixed-citation publication-type="journal">
<person-group person-group-type="author">
<name>
<surname>White</surname>
<given-names>AP</given-names>
</name>
<name>
<surname>Hashimoto</surname>
<given-names>R</given-names>
</name>
<name>
<surname>Norvell</surname>
<given-names>DC</given-names>
</name>
<name>
<surname>Vaccaro</surname>
<given-names>AR</given-names>
</name>
</person-group>. <article-title>Morbidity and mortality related to odontoid fracture surgery in the elderly population</article-title>. <source>Spine (Phila Pa 1976)</source>. <year>2010</year>;<volume>35</volume>(<issue>9 suppl</issue>):<fpage>S146</fpage>–<lpage>S157</lpage>.</mixed-citation>
</ref>
<ref id="bibr7-2192568219890573">
<label>7</label>
<mixed-citation publication-type="journal">
<person-group person-group-type="author">
<name>
<surname>Guzman</surname>
<given-names>JZ</given-names>
</name>
<name>
<surname>Feldman</surname>
<given-names>ZM</given-names>
</name>
<name>
<surname>McAnany</surname>
<given-names>S</given-names>
</name>
<name>
<surname>Hecht</surname>
<given-names>AC</given-names>
</name>
<name>
<surname>Qureshi</surname>
<given-names>SA</given-names>
</name>
<name>
<surname>Cho</surname>
<given-names>SK</given-names>
</name>
</person-group>. <article-title>Osteoporosis in cervical spine surgery</article-title>. <source>Spine (Phila Pa 1976)</source>. <year>2016</year>;<volume>41</volume>:<fpage>662</fpage>–<lpage>668</lpage>. <comment>doi:10.1097/BRS.0000000000001347</comment>
</mixed-citation>
</ref>
<ref id="bibr8-2192568219890573">
<label>8</label>
<mixed-citation publication-type="journal">
<person-group person-group-type="author">
<name>
<surname>Fehlings</surname>
<given-names>MG</given-names>
</name>
<name>
<surname>Arun</surname>
<given-names>R</given-names>
</name>
<name>
<surname>Vaccaro</surname>
<given-names>AR</given-names>
</name>
<name>
<surname>Arnold</surname>
<given-names>PM</given-names>
</name>
<name>
<surname>Chapman</surname>
<given-names>JR</given-names>
</name>
<name>
<surname>Kopjar</surname>
<given-names>B.</given-names>
</name>
</person-group>
<article-title>Predictors of treatment outcomes in geriatric patients with odontoid fractures: AOSpine North America multi-centre prospective GOF study</article-title>. <source>Spine (Phila Pa 1976)</source>. <year>2013</year>;<volume>38</volume>:<fpage>881</fpage>–<lpage>886</lpage>. <comment>doi:10.1097/BRS.0b013e31828314ee</comment>
</mixed-citation>
</ref>
<ref id="bibr9-2192568219890573">
<label>9</label>
<mixed-citation publication-type="journal">
<person-group person-group-type="author">
<name>
<surname>Poorman</surname>
<given-names>GW</given-names>
</name>
<name>
<surname>Moon</surname>
<given-names>JY</given-names>
</name>
<name>
<surname>Horn</surname>
<given-names>SR</given-names>
</name>
</person-group>, <etal>et al.</etal> <article-title>Rates of mortality in cervical spine surgical procedures and factors associated with its occurrence over a 10-year period: a study of 342 477 patients on the nationwide inpatient sample</article-title>. <source>Int J Spine Surg</source>. <year>2018</year>;<volume>12</volume>:<fpage>276</fpage>–<lpage>284</lpage>. <comment>doi:10.14444/5034</comment>
</mixed-citation>
</ref>
<ref id="bibr10-2192568219890573">
<label>10</label>
<mixed-citation publication-type="journal">
<person-group person-group-type="author">
<name>
<surname>Schoenfeld</surname>
<given-names>AJ</given-names>
</name>
<name>
<surname>Reamer</surname>
<given-names>EN</given-names>
</name>
<name>
<surname>Wynkoop</surname>
<given-names>EI</given-names>
</name>
<name>
<surname>Choi</surname>
<given-names>H</given-names>
</name>
<name>
<surname>Bono</surname>
<given-names>CM</given-names>
</name>
</person-group>. <article-title>Does patient sex affect the rate of mortality and complications after spine surgery? A systematic review</article-title>. <source>Clin Orthop Relat Res</source>. <year>2015</year>;<volume>473</volume>:<fpage>2479</fpage>–<lpage>2486</lpage>. <comment>doi:10.1007/s11999-014-4102-z</comment>
</mixed-citation>
</ref>
<ref id="bibr11-2192568219890573">
<label>11</label>
<mixed-citation publication-type="journal">
<person-group person-group-type="author">
<name>
<surname>Günther</surname>
<given-names>KP</given-names>
</name>
<name>
<surname>Sturmer</surname>
<given-names>T</given-names>
</name>
<name>
<surname>Sauerland</surname>
<given-names>S</given-names>
</name>
</person-group>, <etal>et al.</etal> <article-title>Prevalence of generalised osteoarthritis in patients with advanced hip and knee osteoarthritis: the Ulm Osteoarthritis Study</article-title>. <source>Ann Rheum Dis</source>. <year>1998</year>;<volume>57</volume>:<fpage>717</fpage>–<lpage>723</lpage>.</mixed-citation>
</ref>
<ref id="bibr12-2192568219890573">
<label>12</label>
<mixed-citation publication-type="journal">
<person-group person-group-type="author">
<name>
<surname>Trentzsch</surname>
<given-names>H</given-names>
</name>
<name>
<surname>Lefering</surname>
<given-names>R</given-names>
</name>
<name>
<surname>Nienaber</surname>
<given-names>U</given-names>
</name>
<name>
<surname>Kraft</surname>
<given-names>R</given-names>
</name>
<name>
<surname>Faist</surname>
<given-names>E</given-names>
</name>
<name>
<surname>Piltz</surname>
<given-names>S</given-names>
</name>
</person-group>. <article-title>The role of biological sex in severely traumatized patients on outcomes</article-title>. <source>Ann Surg</source>. <year>2015</year>;<volume>261</volume>:<fpage>774</fpage>–<lpage>780</lpage>. <comment>doi:10.1097/SLA.0000000000000789</comment>
</mixed-citation>
</ref>
<ref id="bibr13-2192568219890573">
<label>13</label>
<mixed-citation publication-type="journal">
<person-group person-group-type="author">
<name>
<surname>Robinson</surname>
<given-names>AL</given-names>
</name>
<name>
<surname>Möller</surname>
<given-names>A</given-names>
</name>
<name>
<surname>Robinson</surname>
<given-names>Y</given-names>
</name>
<name>
<surname>Olerud</surname>
<given-names>C</given-names>
</name>
</person-group>. <article-title>C2 fracture subtypes, incidence, and treatment allocation change with age: a retrospective cohort study of 233 consecutive cases</article-title>. <source>Biomed Res Int</source>. <year>2017</year>;<fpage>2017</fpage>:<volume>8321680</volume>. <comment>doi:10.1155/2017/8321680</comment>
</mixed-citation>
</ref>
<ref id="bibr14-2192568219890573">
<label>14</label>
<mixed-citation publication-type="journal">
<person-group person-group-type="author">
<name>
<surname>Müller</surname>
<given-names>EJ</given-names>
</name>
<name>
<surname>Wick</surname>
<given-names>M</given-names>
</name>
<name>
<surname>Russe</surname>
<given-names>O</given-names>
</name>
<name>
<surname>Muhr</surname>
<given-names>G</given-names>
</name>
</person-group>. <article-title>Management of odontoid fractures in the elderly</article-title>. <source>Eur Spine J</source>. <year>1999</year>;<volume>8</volume>:<fpage>360</fpage>–<lpage>365</lpage>.</mixed-citation>
</ref>
<ref id="bibr15-2192568219890573">
<label>15</label>
<mixed-citation publication-type="journal">
<person-group person-group-type="author">
<name>
<surname>Pearson</surname>
<given-names>AM</given-names>
</name>
<name>
<surname>Martin</surname>
<given-names>BI</given-names>
</name>
<name>
<surname>Lindsey</surname>
<given-names>M</given-names>
</name>
<name>
<surname>Mirza</surname>
<given-names>SK</given-names>
</name>
</person-group>. <article-title>C2 vertebral fractures in the Medicare population: incidence, outcomes, and costs</article-title>. <source>J Bone Joint Surg</source>. <year>2016</year>;<volume>98</volume>:<fpage>449</fpage>–<lpage>456</lpage>. <comment>doi:10.2106/JBJS.O.00468</comment>
</mixed-citation>
</ref>
</ref-list>
</back>
</article>