<?xml version="1.0" encoding="UTF-8"?><article article-type="research-article" dtd-version="1.1d1" xml:lang="EN" xmlns:mml="http://www.w3.org/1998/Math/MathML" xmlns:xlink="http://www.w3.org/1999/xlink">
<front>
<journal-meta>
<journal-id journal-id-type="publisher-id">AJH</journal-id>
<journal-id journal-id-type="hwp">spajh</journal-id>
<journal-id journal-id-type="nlm-ta">Am J Hosp Palliat Care</journal-id>
<journal-title-group>
<journal-title>American Journal of Hospice and Palliative Medicine®</journal-title>
</journal-title-group>
<issn pub-type="ppub">1049-9091</issn>
<issn pub-type="epub">1938-2715</issn>
<publisher>
<publisher-name>SAGE Publications</publisher-name>
<publisher-loc>Sage CA: Los Angeles, CA</publisher-loc>
</publisher>
</journal-meta>
<article-meta>
<article-id pub-id-type="doi">10.1177/1049909120951088</article-id>
<article-id pub-id-type="publisher-id">10.1177_1049909120951088</article-id>
<article-categories>
<subj-group subj-group-type="heading">
<subject>Original Articles</subject>
</subj-group>
</article-categories>
<title-group>
<article-title>Educational Interventions to Improve Advance Care Planning Discussions, Documentation and Billing</article-title>
</title-group>
<contrib-group>
<contrib contrib-type="author" corresp="yes">
<contrib-id contrib-id-type="orcid">https://orcid.org/0000-0002-3963-8170</contrib-id>
<name>
<surname>Henage</surname>
<given-names>Cristine B.</given-names>
</name>
<degrees>MPS, EdD</degrees>
<xref ref-type="aff" rid="aff1-1049909120951088">1</xref>
<xref ref-type="corresp" rid="corresp1-1049909120951088"/>
</contrib>
<contrib contrib-type="author">
<name>
<surname>McBride</surname>
<given-names>J. Marvin</given-names>
</name>
<degrees>MD, MBA</degrees>
<xref ref-type="aff" rid="aff1-1049909120951088">1</xref>
</contrib>
<contrib contrib-type="author">
<name>
<surname>Pino</surname>
<given-names>Joseph</given-names>
</name>
<degrees>MD, MHA</degrees>
<xref ref-type="aff" rid="aff2-1049909120951088">2</xref>
</contrib>
<contrib contrib-type="author">
<name>
<surname>Williams</surname>
<given-names>Jessica</given-names>
</name>
<degrees>BSEd</degrees>
<xref ref-type="aff" rid="aff2-1049909120951088">2</xref>
</contrib>
<contrib contrib-type="author">
<name>
<surname>Vedovi</surname>
<given-names>Jill</given-names>
</name>
<degrees>MPH</degrees>
<xref ref-type="aff" rid="aff2-1049909120951088">2</xref>
</contrib>
<contrib contrib-type="author">
<name>
<surname>Cannady</surname>
<given-names>Nicole</given-names>
</name>
<degrees>BA</degrees>
<xref ref-type="aff" rid="aff2-1049909120951088">2</xref>
</contrib>
<contrib contrib-type="author">
<name>
<surname>Buno</surname>
<given-names>Liz Riley</given-names>
</name>
<degrees>MHS, PA-C</degrees>
<xref ref-type="aff" rid="aff3-1049909120951088">3</xref>
</contrib>
<contrib contrib-type="author">
<name>
<surname>Chatman</surname>
<given-names>Toni</given-names>
</name>
<degrees>MHA</degrees>
<xref ref-type="aff" rid="aff4-1049909120951088">4</xref>
</contrib>
<contrib contrib-type="author">
<name>
<surname>Busby-Whitehead</surname>
<given-names>Jan</given-names>
</name>
<degrees>MD</degrees>
<xref ref-type="aff" rid="aff1-1049909120951088">1</xref>
</contrib>
<contrib contrib-type="author">
<name>
<surname>Roberts</surname>
<given-names>Ellen</given-names>
</name>
<degrees>PhD, MPH</degrees>
<xref ref-type="aff" rid="aff1-1049909120951088">1</xref>
</contrib>
</contrib-group>
<aff id="aff1-1049909120951088">
<label>1</label>Division of Geriatric Medicine, Center for Aging and Health, <institution-wrap><institution-id institution-id-type="Ringgold">6797</institution-id><institution content-type="university">The University of North Carolina at Chapel Hill School of Medicine</institution></institution-wrap>, Chapel Hill, NC, USA</aff>
<aff id="aff2-1049909120951088">
<label>2</label><institution-wrap><institution-id institution-id-type="Ringgold">26600</institution-id><institution>Southeast Area Health Education Center</institution></institution-wrap>, Wilmington, NC, USA</aff>
<aff id="aff3-1049909120951088">
<label>3</label>Roxboro Family Medicine, Roxboro, NC, USA</aff>
<aff id="aff4-1049909120951088">
<label>4</label><institution-wrap><institution-id institution-id-type="Ringgold">6796</institution-id><institution>Wake Area Health Education Center</institution></institution-wrap>, Raleigh, NC, USA</aff>
<author-notes>
<corresp id="corresp1-1049909120951088">Cristine B. Henage, MPS, EdD, Division of Geriatric Medicine, Center for Aging and Health, The University of North Carolina at Chapel Hill School of Medicine, Campus Box 7550, Chapel Hill, NC 27599, USA. Email: <email>cristine_henage@med.unc.edu</email>
</corresp>
</author-notes>
<pub-date pub-type="epub-ppub">
<month>4</month>
<year>2021</year>
</pub-date>
<volume>38</volume>
<issue>4</issue>
<fpage>355</fpage>
<lpage>360</lpage>
<permissions>
<copyright-statement>© The Author(s) 2020</copyright-statement>
<copyright-year>2020</copyright-year>
<copyright-holder content-type="sage">SAGE Publications</copyright-holder>
<license license-type="open-access" xlink:href="https://creativecommons.org/licenses/by-nc/4.0/" xlink:type="simple">
<license-p>This article is distributed under the terms of the Creative Commons Attribution-NonCommercial 4.0 License (<ext-link ext-link-type="uri" xlink:href="https://creativecommons.org/licenses/by-nc/4.0/">https://creativecommons.org/licenses/by-nc/4.0/</ext-link>) which permits non-commercial use, reproduction and distribution of the work without further permission provided the original work is attributed as specified on the SAGE and Open Access pages (<ext-link ext-link-type="uri" xlink:href="https://us.sagepub.com/en-us/nam/open-access-at-sage">https://us.sagepub.com/en-us/nam/open-access-at-sage</ext-link>).</license-p>
</license>
</permissions>
<abstract>
<sec>
<title>Background/Objectives:</title>
<p>To determine the impact of educational interventions, clinic workflow redesign, and quality improvement coaching on the frequency of advance care planning (ACP) activities for patients over the age of 65.</p>
</sec>
<sec>
<title>Design:</title>
<p>Nonrandomized before-and-after study.</p>
</sec>
<sec>
<title>Setting:</title>
<p>13 ambulatory care clinics with 81 primary care providers in eastern and central North Carolina.</p>
</sec>
<sec>
<title>Participants:</title>
<p>Patients across 13 primary care clinics staffed by 66 physicians, 8 physician assistants and 7 family nurse practitioners.</p>
</sec>
<sec>
<title>Interventions:</title>
<p>Interprofessional, interactive ACP training for the entire interprofessional team and quality improvement project management with an emphasis on workflow redesign.</p>
</sec>
<sec>
<title>Measurements:</title>
<p>From July 2017 through June 2018—number of ACP discussions, number of written ACP documents incorporated into the electronic medical record (EMR), number of ACP encounters billed.</p>
</sec>
<sec>
<title>Results:</title>
<p>Following the interventions, healthcare providers were more than twice as likely to conduct ACP discussions with their patients. Patients were 1.4 times more likely to have an ACP document included in their electronic medical record. Providers were significantly (<italic>p</italic> &lt; 0.05) more likely to bill for an ACP encounter in only one clinic.</p>
</sec>
<sec>
<title>Conclusions:</title>
<p>Implementing ACP education for all clinic staff, planning for workflow changes to involve the entire interprofessional team and supporting ACP activities with quality improvement coaching leads to statistically significant improvements in the frequency of ACP discussions, the number of ACP documents included in the electronic medical record and number of ACP encounters billed.</p>
</sec>
</abstract>
<kwd-group>
<kwd>advance care planning</kwd>
<kwd>electronic medical records</kwd>
<kwd>electronic health records</kwd>
<kwd>primary care practice change</kwd>
<kwd>geriatrics</kwd>
</kwd-group>
<funding-group specific-use="FundRef">
<award-group id="award1-1049909120951088">
<funding-source id="funding1-1049909120951088">
<institution-wrap>
<institution>Health Resources and Services Administration</institution>
<institution-id institution-id-type="FundRef">https://doi.org/10.13039/100000102</institution-id>
</institution-wrap>
</funding-source>
<award-id rid="funding1-1049909120951088">U1QHP28734</award-id>
</award-group>
</funding-group>
<custom-meta-group>
<custom-meta>
<meta-name>typesetter</meta-name>
<meta-value>ts3</meta-value>
</custom-meta>
</custom-meta-group>
</article-meta>
</front>
<body>
<sec id="section1-1049909120951088" sec-type="intro">
<title>Introduction</title>
<p>Advanced Care Planning (ACP) is part of the therapeutic relationship between healthcare providers, patients and families. It explores values and goals of care to inform medical decisions should one lose decision-making capacity.<sup>
<xref ref-type="bibr" rid="bibr1-1049909120951088">1</xref>
</sup> ACP discussions over time is the first step that can lead to a billed encounter and ultimately a signed, written document. These discussions are now reimbursable using Medicare Current Procedural Terminology (CPT) codes© for ACP and are becoming more common as a requirement under the Medicare Annual Wellness Visit. Ultimately, respecting patients’ wishes prevents unnecessary medical procedures and reduces end-of-life expenditures.<sup>
<xref ref-type="bibr" rid="bibr2-1049909120951088">2</xref>
</sup>
</p>
<p>In 2015, the Health Resources and Services Administration (HRSA) provided 35.7 million dollars to fund 44 Geriatrics Workforce Enhancement Programs (GWEPS) across 29 states to address geriatrics issues, including ACP. The principal charge of these programs was to integrate geriatric principles into primary care to combat the shortage of primary care geriatricians.<sup>
<xref ref-type="bibr" rid="bibr3-1049909120951088">3</xref>,<xref ref-type="bibr" rid="bibr4-1049909120951088">4</xref>
</sup>
</p>
<p>The Center for Aging and Health at the University of North Carolina at Chapel Hill launched the Carolina Geriatrics Workforce Enhancement Program (CGWEP) with a focus on ACP. The literature supports ACP as a key component of high value care for older adults. In 2016 Arnett et al, surveyed 118 healthcare providers engaged in ACP activities across many settings, including primary care. Thirty percent identified training as the greatest barrier to initiating ACP discussions.<sup>
<xref ref-type="bibr" rid="bibr5-1049909120951088">5</xref>
</sup> As the population ages providers find themselves confronted with difficult, time consuming end-of-life discussions without adequate training. According to Fulmer et al, only 29% of the 736 physicians surveyed nation-wide reported receiving ACP training.<sup>
<xref ref-type="bibr" rid="bibr6-1049909120951088">6</xref>
</sup>
</p>
<p>The percentage of older adults who complete a written ACP remains low despite the fact that most patients and healthcare providers are interested in planning for end-of-life care. In a nationally representative sample of adults ages 18 and up (n = 7,946), 67.8% expressed concerns about ACP but only 26.3% had completed an ACP.<sup>
<xref ref-type="bibr" rid="bibr7-1049909120951088">7</xref>
</sup> In 2015, a systematic review of 150 studies that included 795,909 patients of all ages, found a completion rate of 36.7%. This same review showed higher ACP rates for older adults at 45.6%.<sup>
<xref ref-type="bibr" rid="bibr8-1049909120951088">8</xref>
</sup>
</p>
<p>Many studies postulate that reminders in the electronic medical record (EMR) can increase ACP documentation. In 2018, Lemon et al, conducted a systematic review that included 15 studies. Three of these studied the effect of EMR-generated reminders on the frequency of ACP discussions. In the first study, rates improved from a baseline of 4% before the reminders to 15%. The second study showed gains from 4% to 24%. In the third study, baseline of 11.5% improved to 76%.<sup>
<xref ref-type="bibr" rid="bibr9-1049909120951088">9</xref>
</sup> Lemon also cites Linder et al, who showed that using a template in the EMR raised discussion rates from 4% to 63%.<sup>
<xref ref-type="bibr" rid="bibr9-1049909120951088">9</xref>
</sup> A randomized controlled trial by Bose-Brill showed improvement in written ACPs from 4% to 40%.<sup>
<xref ref-type="bibr" rid="bibr9-1049909120951088">9</xref>
</sup> In summary, the literature shows ACP rates as low as 4% can be improved up to 76% through EMR interventions.<sup>
<xref ref-type="bibr" rid="bibr9-1049909120951088">9</xref>
</sup>
</p>
<p>Adding training on ACP and redesigning clinic workflows further supports improvements. Lemon’s systematic review discusses how combining EMR reminders with training improved the percentage of veterans who completed a written ACP from 36.8% to 46.3% over 6 years.<sup>
<xref ref-type="bibr" rid="bibr9-1049909120951088">9</xref>
</sup> While studies included in Lemon’s review had a high risk of bias, the overall trends showed improvement. Additionally, Lemon’s studies focused on documenting advance directives rather than advance care planning discussions. A cluster randomized controlled trial, conducted by Overbeek et al, achieved 93% ACP written documentation for patients who received education and counseling on ACP from their provider compared with 34% of the control subjects.<sup>
<xref ref-type="bibr" rid="bibr10-1049909120951088">10</xref>
</sup> A comparison of the findings and approaches from the literature is included as Supplement 1.</p>
</sec>
<sec id="section2-1049909120951088" sec-type="methods">
<title>Methods</title>
<p>The CGWEP ACP project collected data between “July of 2017” and “June of 2018” with 12 months of follow up. The Institutional Review Board of the University of North Carolina at Chapel Hill declared this research exempt. To reach a large number of practices efficiently, the CGWEP partnered with Practice Support Services (PSS) consultants at 2 Area Health Education Centers (AHECs). These PSS teams included clinicians and educators who had credibility with North Carolina primary care providers having previously assisted more than 100 practices in meeting quality improvement goals through better EMR documentation. The CGWEP recruited 13 clinics with 81 primary care providers.</p>
<p>The CGWEP’s ACP projects were designed to improve the percentage of patients over the age of 65 who were engaged in ACP. Engagement was defined in any of 3 ways: 1) Having a written ACP documented in the EMR 2) Having billed for ACP or 3) Documentation of an ACP discussion between patient and provider even if not billed. Patients had the option of declining ACP activities. These declinations were not included in the data. ACP discussions would ideally occur before ACP documents were signed or services billed. Billing for ACP was thought to be the easiest metric to increase because of relatively new Medicare reimbursement for ACP and the ease of incorporating ACP into the Medicare annual wellness visit. The additional revenue (approximately $86 per 99497 coded visit) would serve as an incentive.</p>
<p>Eight practices sought to increase ACP discussions with providers and/or other staff members, following educational and workflow interventions. Workflow redesigns included creating multiple opportunities for interprofessional team members to support ACP and maximizing use of the EMR. Front desk staff reminded patients that their provider was interested in their care preferences. Registered nurses reinforced ACP activities once the provider introduced the topic or social workers provided counseling on ACP. Data could include daily self-report by providers or mention of ACP in the progress note or problem list.</p>
<p>Four practices examined whether or not there was an ACP documented in the EMR before and after the interventions. Practices were free to choose what would be acceptable EMR documentation. There was some variation, but all of the practices used either a Do Not Resuscitate Order (DNR) or the North Carolina Medical Orders for Scope of Treatment (MOST) form.<sup>
<xref ref-type="bibr" rid="bibr11-1049909120951088">11</xref>
</sup> Two practices studied if they were able to increase the percentage of encounters billed for ACP. One practice (Site M), studied more than one measure, increasing ACP discussions and billing.</p>
<sec id="section3-1049909120951088">
<title>Patient Population</title>
<p>PSS Consultants encouraged ACP activities with all adult patients because ACP is most effective when it is conducted over time. Providers focused on geriatric patients the majority of whom were over age 65 and had chronic conditions. Patients reflected the profile of older adults in North Carolina—84% of whom have at least one chronic disease and 55% have two or more.<sup>
<xref ref-type="bibr" rid="bibr12-1049909120951088">12</xref>
</sup> The sample included low income patients from a safety net provider to middle and upper income patients seeing concierge providers.</p>
</sec>
<sec id="section4-1049909120951088">
<title>Electronic Medical Record Preparation</title>
<p>PSS consultants operated as EMR experts, trainers and quality coaches. First, PSS consultants assessed the practice’s EMR capacity to report ACP activities using the 3 measures. Reporting capabilities varied considerably. Some EMRs had the ability to search text within provider’s notes to identify ACP activities while others relied on specific data fields. These fields were often not “turned on” in the EMR requiring additional programming expense. Activating existing data fields or creating searchable “smart phrases” within the EMR were the 2 main EMR interventions.</p>
</sec>
<sec id="section5-1049909120951088">
<title>Workflow Analysis</title>
<p>Next, PSS consultants reviewed practice workflows to better incorporate ACP. To accommodate the demands of the schedule, put patients at ease and promote frequent discussions, the PSS consultants recommended an interprofessional team approach. Medical Assistants, Registered Nurses and Social Workers were trained to introduce ACP concepts and remind patients to discuss ACP with their provider. Administrative staff were trained to scan completed ACP documents into the EMR. This team approach and shared responsibility created multiple opportunities for ACP discussions. Lastly, PSS consultants educated providers and staff to capture the appropriate CPT codes for billing.</p>
</sec>
<sec id="section6-1049909120951088">
<title>Interprofessional Training</title>
<p>The workflow changes were reinforced during one-hour long clinic-wide trainings at each site. Interprofessional teams that included all clinic staff participated in discussions with PSS Consultants and CGWEP experts regarding ACP goals and barriers, best practices in initiating ACP discussions, tools to track ACP activities, patient education resources and billing and legal requirements. During a second face-to-face training, (for providers only) the group discussed their experiences initiating ACP discussions. In one clinic (Site M), dyads of providers engaged in role-play, with one provider assuming the role of the patient and the other guiding the simulated ACP discussion. CGWEP faculty debriefed each team, highlighting aspects of the discussion that had gone well and suggesting areas for improvement.</p>
<p>At all 13 clinics, PSS consultants followed up at least monthly either in person, by phone or via email with printed educational materials, e-newsletters, and videos on how to discuss ACP and the complexities of billing. PSS consultants coached providers and staff on ACP care processes during quarterly on-site visits. A video of a 20-minute Lunch and Learn entitled “Advanced Care Planning and the Annual Wellness Visit” is archived on the SEAHEC website and YouTube channel to sustain the training and is available here: <ext-link ext-link-type="uri" xlink:href="https://www.youtube.com/watch?v=IgeKZalc0wU&amp;feature=youtu.be">https://www.youtube.com/watch?v=IgeKZalc0wU&amp;feature=youtu.be</ext-link>
</p>
<p>This study aims to determine the impact of educational interventions, workflow redesign, and quality improvement coaching on the frequency of advance care planning (ACP) activities for patients over the age of 65. In presenting these results, descriptive statistics (means and standard deviations) were used to summarize pre and post-intervention percentages of ACP images in the medical record, ACP discussions, and ACP billed. Generalized estimating equations (GEE) were used to examine the odds of ACP in the medical record, ACP discussions, and ACP billing post intervention as compared to pre-intervention across practices, controlling for within-practice clustering. The Chi-square statistic was used to further examine within-practice intervention effects. Analyses were performed using the SAS Statistical Package (V9.4).</p>
</sec>
</sec>
<sec id="section7-1049909120951088" sec-type="results">
<title>Results</title>
<p>Eight of the 13 clinics in this ACP project were located in eastern North Carolina in the greater Wilmington area. These included Site H that was affiliated with a large medical system with 24 providers and Site L; an Internal Medicine Residency training site with 7 providers and 22 residents. Two of the Wilmington practices (Sites B and C) were solo practitioners who offered concierge medicine, funded by private payments. Outside of Wilmington, Site D was located in a mid-sized city that houses a military base and the remaining 4 sites were in rural southeastern and central North Carolina. One of these, (Site E), operates as a non-profit. In total, 6 of the 13 clinics consisted of solo practitioners. An additional 5 clinics had fewer than 7 providers and 2 were large groups.</p>
<p>Interestingly smaller clinics with fewer providers and solo practitioners showed the greatest intervention efficacy. Those with &lt; 1,000 visits were more than 3 times as likely to have patients engaged in ACP post-intervention (OR = 3.57, p &lt; .0001) while in those with 1,000 or more the improvement was less pronounced (OR = 1.24. p &lt; .0001). Solo practices had very good intervention efficacy, being 7.68 times as likely at post-intervention to have ACP patient engagement (OR = 7.68, p &lt; .0001) as compared to pre-intervention. Non-solo practices showed much less intervention effect (OR = 1.23, p &lt; .0001). The strongest intervention effect was seen in the private pay practices (OR = 4.77, p &lt; .0001). Those accepting traditional insurance payments still showed significant improvements in ACP engagement though post intervention (OR = 1.76, p &lt; 0001). The one “not for profit” site did not show any significant intervention efficacy (OR = 1.13, p = .67). <xref ref-type="table" rid="table1-1049909120951088">Table 1</xref> describes how ACP activities varied by practice charateristics.</p>
<table-wrap id="table1-1049909120951088" position="float">
<label>Table 1.</label>
<caption>
<p>ACP Activities by Practice Characteristics.</p>
</caption>
<alternatives>
<graphic xlink:href="10.1177_1049909120951088-table1.tif"/>
<table>
<thead>
<tr>
<th colspan="2">Practice characteristics</th>
<th>OR</th>
<th> <italic>p</italic> value</th>
</tr>
</thead>
<tbody>
<tr>
<td rowspan="2">Visits per Year*</td>
<td>&lt; 1,000</td>
<td>3.57</td>
<td>&lt; 0.0001</td>
</tr>
<tr>
<td>&gt;1,000</td>
<td>1.24</td>
<td>&lt; 0.0001</td>
</tr>
<tr>
<td rowspan="2">No, of Providers</td>
<td>Solo</td>
<td>7.68</td>
<td>&lt; 0.0001</td>
</tr>
<tr>
<td>More than 1 provider</td>
<td>1.23</td>
<td>&lt; 0.0001</td>
</tr>
<tr>
<td rowspan="3">Dominant Payment Type</td>
<td>Private Pay</td>
<td>4.77</td>
<td>&lt; 0.0001</td>
</tr>
<tr>
<td>Commercial Insurance</td>
<td>1.76</td>
<td>&lt; 0.0001</td>
</tr>
<tr>
<td>Not for Profit/Sliding Scale</td>
<td>1.13</td>
<td>= .67</td>
</tr>
</tbody>
</table>
</alternatives>
<table-wrap-foot>
<fn id="table-fn1-1049909120951088">
<p>* Note study visits at post intervention used as a relative measure of clinic size.</p>
</fn>
</table-wrap-foot>
</table-wrap>
<p>Data by type of ACP outcome is reported for patients across 13 primary care sites with 81 providers (66 Physicians, 8 Physician Assistants and 7 Family Nurse Practitioners) on 3 measures: frequency of ACP discussions, numbers of ACP documents recorded in the EMR and ACP encounters billed. All outcomes are for patients age 65 and older. The number of patients varied by practice. For the 8 practices seeking to improve ACP discussion rates 5,131 patients were eligible pre-intervention “July 2017” and 4,831 post-intervention “June 2018.” Four practices that sought to increase ACP EMR documentation had 3,040 patients eligible pre-intervention and 3,419 post-intervention. Two practices studied ACP billing for 1,482 patients initially and 1,343 patients at post-intervention. In all, 9,653 patients were eligible pre-intervention and 9,593 post-intervention.</p>
<sec id="section8-1049909120951088">
<title>Patients Having ACP Discussions With Healthcare Providers</title>
<p>At all 8 sites, ACP discussions with providers increased post-intervention, with 52.1% of visits after the intervention discussing ACP vs. 24.6% before, a 27.5% increase. The increase was statistically significant, with providers more than twice as likely to have discussions post intervention (OR = 2.2 (95% CI: 1.1, 4.6), <italic>p</italic> = 0.03) as compared to pre-intervention.</p>
<p>Four of the 8 sites had statistically significant gains in the frequency of ACP discussions. The impact of the interventions varied by practice. Site D had an increase of 71.8% (<italic>p</italic> &lt; 0.0001) and Site C and Site F had similarly large significant increases (66.8% and 64.9% respectively, both <italic>p</italic> &lt; .0001 unadjusted for multiple comparisons). Increases varied in the remaining practices from 0.9% to 5.7%.</p>
</sec>
<sec id="section9-1049909120951088">
<title>ACP Documented in the EMR</title>
<p>Four sites focused on EMR documentation. A total of 3,040 patients’ EMRs were reviewed at baseline and 3,419 post intervention. At pre-test, an average of 9.9% of patients have ACP in the EMR, while at post-test this increased to 12.6% (a 2.7% absolute increase). Results of the GEE model showed a patient was 1.4 times more likely to have ACP in the EMR after the intervention (OR = 1.4 (95% CI: 1.2, 1.6), <italic>p</italic> &lt; 0.0001) as compared to before the intervention.</p>
<p>Similar to the findings for ACP discussions, 2 of the practices showed improvement of less than 1% (between 0.57% and 0.95%). These increases at Site H and Site R respectively were not significant (<italic>p</italic> = 0.80 and <italic>p</italic> = 0.37). Again, increases varied by practice, with the largest increases seen by Site I (an increase of 6.2%, <italic>p</italic> = 0.0007 unadjusted for multiple comparisons). A significant increase (3%) was also seen by Site L (<italic>p</italic> = 0.04 unadjusted for multiple comparisons).</p>
</sec>
<sec id="section10-1049909120951088">
<title>Billing ACP</title>
<p>Finally, 2 sites experimented with increasing the number of patients who had ACP billable encounters with a primary care provider. The pre-intervention group included 1,482 patients vs. 1,343 post intervention.</p>
<p>The percentage of patient encounters billed for ACP increased from 3.3% pre-intervention to 5.2% post-intervention. This 1.9% increase was not statistically significant across practices with an OR = 1.3 (95% CI: .93, 1.9), <italic>p</italic> = 0.12).</p>
<p>Once again, within practice differences were apparent. Site J showed less than 0.5% increase (<italic>p</italic> = 0.59) while Site K increased by 3.3% post intervention (<italic>p</italic> = 0.04, unadjusted for multiple comparisons). Site K’s increase in billing is significant (<italic>p</italic> &lt; 0.05). See <xref ref-type="fig" rid="fig1-1049909120951088">Figure 1</xref> for a graphical representation of the impact of the ACP interventions across all 3 measures. <xref ref-type="table" rid="table2-1049909120951088">Table 2</xref> describes the statistically significant results for each measure.</p>
<fig id="fig1-1049909120951088" position="float">
<label>Figure 1.</label>
<caption>
<p>Impact of interventions on ACP conservations, ACP in the EMR and ACP billing.</p>
</caption>
<graphic xlink:href="10.1177_1049909120951088-fig1.tif"/>
</fig>
<table-wrap id="table2-1049909120951088" position="float">
<label>Table 2.</label>
<caption>
<p>Analysis of ACP Activities by Practice Site.</p>
</caption>
<alternatives>
<graphic xlink:href="10.1177_1049909120951088-table2.tif"/>
<table>
<thead>
<tr>
<th>ACP outcomes</th>
<th> Site</th>
<th colspan="3">Pre intervention</th>
<th colspan="3">Post intervention</th>
<th>Increase</th>
<th> <italic>p</italic> value</th>
</tr>
</thead>
<tbody>
<tr>
<td rowspan="9">ACP Discussion</td>
<td/>
<td>N</td>
<td align="center" colspan="2"># of Discussions</td>
<td>N</td>
<td align="center" colspan="2"># of Discussions</td>
<td/>
<td/>
</tr>
<tr>
<td>A</td>
<td>1048</td>
<td>10</td>
<td>0.95%</td>
<td>1049</td>
<td>39</td>
<td>3.7%</td>
<td> 2.8%</td>
<td>&lt; 0.0001</td>
</tr>
<tr>
<td>B</td>
<td>326</td>
<td>71</td>
<td>21.8%</td>
<td>160</td>
<td>44</td>
<td>27.5%</td>
<td> 5.7%</td>
<td> 0.164</td>
</tr>
<tr>
<td>C</td>
<td>178</td>
<td>40</td>
<td>22.5%</td>
<td>150</td>
<td>134</td>
<td>89.3%</td>
<td> 66.8%</td>
<td>&lt; 0.0001</td>
</tr>
<tr>
<td>D</td>
<td>839</td>
<td>216</td>
<td>25.7%</td>
<td>481</td>
<td>469</td>
<td>97.5%</td>
<td> 71.8%</td>
<td>&lt; 0.0001</td>
</tr>
<tr>
<td>E</td>
<td>101</td>
<td>29</td>
<td>28.7%</td>
<td>131</td>
<td>41</td>
<td>31.3%</td>
<td> 2.6%</td>
<td> 0.671</td>
</tr>
<tr>
<td>F</td>
<td>309</td>
<td>91</td>
<td>29.4%</td>
<td>389</td>
<td>367</td>
<td>94.3%</td>
<td> 64.9%</td>
<td>&lt; 0.0001</td>
</tr>
<tr>
<td>G</td>
<td>1052</td>
<td>471</td>
<td>44.8%</td>
<td>1172</td>
<td>536</td>
<td>45.7%</td>
<td> 0.9%</td>
<td> 0.649</td>
</tr>
<tr>
<td>M*</td>
<td>1278</td>
<td>290</td>
<td>22.7%</td>
<td>1299</td>
<td>352</td>
<td>27.1%</td>
<td> 4.4%</td>
<td> 0.01</td>
</tr>
<tr>
<td rowspan="5">ACP Document in EMR</td>
<td/>
<td>N</td>
<td align="center" colspan="2">Document in EMR</td>
<td>N</td>
<td align="center" colspan="2">Document in EMR</td>
<td/>
<td/>
</tr>
<tr>
<td>H</td>
<td>359</td>
<td>48</td>
<td>13.4%</td>
<td>617</td>
<td>86</td>
<td>13.9%</td>
<td> 0.5%</td>
<td>0.80</td>
</tr>
<tr>
<td>I</td>
<td>765</td>
<td>98</td>
<td>12.8%</td>
<td>865</td>
<td>164</td>
<td>19%</td>
<td> 6.2%</td>
<td>0.0007</td>
</tr>
<tr>
<td>L</td>
<td>638</td>
<td>39</td>
<td>6.1%</td>
<td>638</td>
<td>58</td>
<td>9.1%</td>
<td>3%</td>
<td>0.04</td>
</tr>
<tr>
<td>M*</td>
<td>1278</td>
<td>94</td>
<td>7.4%</td>
<td>1299</td>
<td>108</td>
<td>8.3%</td>
<td> .95%</td>
<td>0.37</td>
</tr>
<tr>
<td rowspan="3">ACP Encounter Billed</td>
<td/>
<td>N</td>
<td align="center" colspan="2">Billed</td>
<td>N</td>
<td align="center" colspan="2">Billed</td>
<td/>
<td/>
</tr>
<tr>
<td>J</td>
<td>1096</td>
<td>44</td>
<td>4%</td>
<td>1070</td>
<td>48</td>
<td>4.5%</td>
<td>0.5%</td>
<td>0.59</td>
</tr>
<tr>
<td>K</td>
<td>386</td>
<td>10</td>
<td>2.6%</td>
<td>273</td>
<td>16</td>
<td>5.9%</td>
<td>3.3%</td>
<td> 0.04</td>
</tr>
</tbody>
</table>
</alternatives>
<table-wrap-foot>
<fn id="table-fn2-1049909120951088">
<p>* Note Site M studies 2 interventions. Data is reported for both.</p>
</fn>
</table-wrap-foot>
</table-wrap>
</sec>
</sec>
<sec id="section11-1049909120951088" sec-type="discussion">
<title>Discussion</title>
<p>This study of 9,962 patients shows that combining continuing education, workflow interventions and quality improvement coaching in primary care practices can improve ACP activities using 3 measures (1) the frequency of ACP discussions, (2) increased documentation of a patient’s wishes through a written ACP in the EMR, and (3) billing for ACP encounters. ACP interventions are operationally supported by Medicare reimbursement. The interventions were generally more effective in smaller practices with more private pay patients.</p>
<p>Interventions included continuing education Lunch and Learns for the entire interprofessional team, flyers, role-plays, quality improvement coaching, and workflow modifications. These interventions significantly increased the number of patients who received ACP counseling and paves the way for better tracking of ACP documents and billing.</p>
<p>Improving the frequency of ACP documents captured in the EMR, and supporting access to these documents by multiple providers, would lead to improved compliance with patients’ wishes for care. It is important to note though, that documentation alone is not proof of ongoing meaningful goals of care discussions between patient and providers. Each of the 3 measures studied serve as a proxy for the ongoing, in depth conversations that comprise ACP and are not goals in and of themselves. Rates of ACP in the EMR in this study, and in medical practice more broadly, continue to be low. In this study, at best, 19% of the older adult patients had an ACP document in their EMR. Until ACP becomes a standard part of the EMR, physicians will remain ill-informed as to their patients’ desires for end-of-life care.</p>
<p>Interestingly, only 2 practices studied their billing rate. A third practice began collecting billing data but discontinued because patients complained about incurring Medicare copays for ACP services. As the payment landscape shifts towards more bundled and value-based systems it is likely that ACP services will be further incentivized and become more commonplace. Based on the payment issue and the fact that for each of the 3 measures studied, only half of the practices achieved significant increases, additional research is needed to understand the patterns of ACP and how payment policy influences these patterns.</p>
<sec id="section12-1049909120951088">
<title>Limitations</title>
<p>All of the practices were located in central or southeastern North Carolina and 11 out of 13 were small, independent clinics. This study did not embed change processes in multi-site practices or across large healthcare systems. The practices represented a sample of convenience in that all practices had pre-existing relationships with AHEC PSS consultants. Further, these practices self-selected the geriatrics topic of ACP for their quality improvement work. Because of these factors, providers may have been more motivated to demonstrate improvement as compared to primary care practitioners in general.</p>
</sec>
</sec>
<sec id="section13-1049909120951088" sec-type="conclusions">
<title>Conclusions</title>
<p>ACP addresses patients’ end-of-life wishes, provides less futile care and lowers costs. Using existing relationships and providing frequent quality improvement coaching, workflow redesigns, EMR adaptation, and education can improve the frequency of ACP discussions and the EMR documentation of patient wishes. Billing for these services was less likely to be an area of interest to the primary care practices in our sample despite Medicare reimbursement. It is expected that interest in ACP activities will grow should primary care providers outside of these sites receive training and support and learn of the availability of reimbursement.</p>
<p>This study was supported by the Health Resources and Services Administration (HRSA) of the U.S. Department of Health and Human Services (HHS), Geriatrics Workforce Enhancement Program grant number 2UQHP28734. The contents are those of the author(s) and do not necessarily represent the official views of, nor an endorsement, by HRSA, HHS or the United States Government.</p>
</sec>
<sec id="section14-1049909120951088" sec-type="supplementary-material" specific-use="figshare">
<title>Supplemental Material</title>
<supplementary-material id="suppl1-1049909120951088" mimetype="application/pdf" xlink:href="ACP_Supplement_1_Literature_review.pdf">
<caption>
<title>Supplemental Material, ACP_Supplement_1_Literature_review - Educational Interventions to Improve Advance Care Planning Discussions, Documentation and Billing</title>
</caption>
<p>Supplemental Material, ACP_Supplement_1_Literature_review for Educational Interventions to Improve Advance Care Planning Discussions, Documentation and Billing by Cristine B. Henage, J. Marvin McBride, Joseph Pino, Jessica Williams, Jill Vedovi, Nicole Cannady, Liz Riley Buno, Toni Chatman, Jan Busby-Whitehead and Ellen Roberts in American Journal of Hospice and Palliative Medicine®</p>
</supplementary-material>
</sec>
</body>
<back>
<fn-group>
<fn fn-type="other" id="fn1-1049909120951088">
<label>Authors’ Note</label>
<p>We certify that this is novel work that lends statistically significant support to the concept that training healthcare providers in Advance Care Planning (ACP) combined with redesigned clinic workflows can increase the frequency of ACP discussions, the number of ACP documents scanned into the electronic medical record and the number of ACP encounters billed. The study was designed by Drs. Henage, McBride, Pino, Busby-Whitehead and Roberts. Data was collected by Ms. Williams, Ms. Bruno, and Ms. Chatman. All authors participated in the analysis and interpretation of data, and preparation of manuscript. The authors would like to acknowledge the contributions of administrators from Wake Area Health Education Center Diane C. Yelverton, MS, RNC and Elaine B. Owens, MPA, and thank them for their leadership and support. In addition, we acknowledge Anne Hunt, ScD, for her contributions to the statistical analysis of the data.</p>
</fn>
<fn fn-type="conflict" id="fn2-1049909120951088">
<label>Declaration of Conflicting Interests</label>
<p>The authors declared no potential conflicts of interest with respect to the research, authorship, and/or publication of this article.</p>
</fn>
<fn fn-type="financial-disclosure" id="fn3-1049909120951088">
<label>Funding</label>
<p>The authors disclosed receipt of the following financial support for the research, authorship, and/or publication of this article: This project was supported by funds from the Bureau of Health Professions (BHPr), Health Resources and Services Administration (HRSA), Department of Health and Human Services (DHHS) under grant number # U1QHP28734 Carolina Geriatric Workforce Enhancement Program. This information or content and conclusions are those of the authors and should not be construed as the official position or policy of, nor should any endorsements be inferred by the BHPr, HRSA, DHHS or the US Government. The Center for Aging and Health, Carolina Geriatric Workforce Enhancement Program also provided support for this activity. The sponsors had no role in the design, methods, analysis, or preparation of the manuscript.</p>
</fn>
<fn fn-type="other" id="fn4-1049909120951088">
<label>ORCID iD</label>
<p>Cristine B. Henage <inline-graphic xlink:href="10.1177_1049909120951088-img1.tif"/> <ext-link ext-link-type="uri" xlink:href="https://orcid.org/0000-0002-3963-8170">https://orcid.org/0000-0002-3963-8170</ext-link>
</p>
</fn>
<fn fn-type="supplementary-material" id="fn5-1049909120951088">
<label>Supplemental Material</label>
<p>Supplemental material for this article is available online.</p>
</fn>
</fn-group>
<ref-list>
<title>References</title>
<ref id="bibr1-1049909120951088">
<label>1</label>
<mixed-citation publication-type="book">
<source>
<italic>Dying in America: Improving and Honoring Individual Preferences Near the End of Life</italic>
</source>. <publisher-name>Institute of Medicine. The National Academies Press</publisher-name>; <year>2014</year>.</mixed-citation>
</ref>
<ref id="bibr2-1049909120951088">
<label>2</label>
<mixed-citation publication-type="journal">
<person-group person-group-type="author">
<name>
<surname>Lunder</surname>
<given-names>U</given-names>
</name>
<name>
<surname>Červ</surname>
<given-names>B</given-names>
</name>
<name>
<surname>Kodba-Čeh</surname>
<given-names>H</given-names>
</name>
</person-group>. <article-title>Impact of advance care planning on end-of-life management</article-title>. <source>Curr Opin Support Palliat Care</source>. <year>2017</year>;<volume>11</volume>(<issue>4</issue>):<fpage>293</fpage>–<lpage>298</lpage>.</mixed-citation>
</ref>
<ref id="bibr3-1049909120951088">
<label>3</label>
<mixed-citation publication-type="web">
<collab collab-type="author">Health Resources and Services Administration</collab>. <comment>July 13, 2015</comment>. <comment>Accessed September 16, 2019</comment>. <ext-link ext-link-type="uri" xlink:href="https://www.hrsa.gov/about/news/press-releases/2015-07-13-geriatric-workforce.html">https://www.hrsa.gov/about/news/press-releases/2015-07-13-geriatric-workforce.html</ext-link>
</mixed-citation>
</ref>
<ref id="bibr4-1049909120951088">
<label>4</label>
<mixed-citation publication-type="web">
<collab collab-type="author">Geriatrics Workforce by the numbers</collab>. <article-title>American Geriatrics Society</article-title>. <year>2017</year>. <comment>Accessed September 16, 2019</comment>. <ext-link ext-link-type="uri" xlink:href="https://www.americangeriatrics.org/geriatrics-profession/about-geriatrics/geriatrics-workforce-numbers">https://www.americangeriatrics.org/geriatrics-profession/about-geriatrics/geriatrics-workforce-numbers</ext-link>
</mixed-citation>
</ref>
<ref id="bibr5-1049909120951088">
<label>5</label>
<mixed-citation publication-type="journal">
<person-group person-group-type="author">
<name>
<surname>Arnett</surname>
<given-names>K</given-names>
</name>
<name>
<surname>Sudore</surname>
<given-names>RL</given-names>
</name>
<name>
<surname>Nowels</surname>
<given-names>D</given-names>
</name>
<name>
<surname>Feng</surname>
<given-names>CX</given-names>
</name>
<name>
<surname>Levy</surname>
<given-names>CR</given-names>
</name>
<name>
<surname>Lum</surname>
<given-names>HD</given-names>
</name>
</person-group>. <article-title>Advance care planning: understanding clinical routines and experiences of interprofessional team members in diverse healthcare settings</article-title>. <source>Am J Hosp Palliat Med</source>. <year>2017</year>;<volume>34</volume>(<issue>10</issue>):<fpage>946</fpage>–<lpage>953</lpage>.</mixed-citation>
</ref>
<ref id="bibr6-1049909120951088">
<label>6</label>
<mixed-citation publication-type="journal">
<person-group person-group-type="author">
<name>
<surname>Fulmer</surname>
<given-names>T</given-names>
</name>
<name>
<surname>Escobedo</surname>
<given-names>M</given-names>
</name>
<name>
<surname>Berman</surname>
<given-names>A</given-names>
</name>
<name>
<surname>Koren</surname>
<given-names>MJ</given-names>
</name>
<name>
<surname>Hernández</surname>
<given-names>S</given-names>
</name>
<name>
<surname>Hult</surname>
<given-names>A</given-names>
</name>
</person-group>. <article-title>Physicians’ views on advance care planning and end-of-life care conversations</article-title>. <source>J Am Geriatr Soc</source>. <year>2018</year>;<volume>66</volume>(<issue>6</issue>):<fpage>1201</fpage>–<lpage>1205</lpage>.</mixed-citation>
</ref>
<ref id="bibr7-1049909120951088">
<label>7</label>
<mixed-citation publication-type="journal">
<person-group person-group-type="author">
<name>
<surname>Rao</surname>
<given-names>JK</given-names>
</name>
<name>
<surname>Anderson</surname>
<given-names>LA</given-names>
</name>
<name>
<surname>Lin</surname>
<given-names>FC</given-names>
</name>
<name>
<surname>Laux</surname>
<given-names>JP</given-names>
</name>
</person-group>. <article-title>Completion of advance directives among U.S. consumers</article-title>. <source>Am J Prev Med</source>. <year>2014</year>;<volume>46</volume>(<issue>1</issue>):<fpage>65</fpage>–<lpage>70</lpage>.</mixed-citation>
</ref>
<ref id="bibr8-1049909120951088">
<label>8</label>
<mixed-citation publication-type="journal">
<person-group person-group-type="author">
<name>
<surname>Yadav</surname>
<given-names>KN</given-names>
</name>
<name>
<surname>Gabler</surname>
<given-names>NB</given-names>
</name>
<name>
<surname>Cooney</surname>
<given-names>E</given-names>
</name>
</person-group>, <etal>et al.</etal> <article-title>Approximately one in three US adults completes any type of advance directive for end-of-life</article-title>. <source>Health Aff</source>. <year>2017</year>;<volume>36</volume>(<issue>7</issue>):<fpage>1244</fpage>–<lpage>1251</lpage>.</mixed-citation>
</ref>
<ref id="bibr9-1049909120951088">
<label>9</label>
<mixed-citation publication-type="journal">
<person-group person-group-type="author">
<name>
<surname>Lemon</surname>
<given-names>C</given-names>
</name>
<name>
<surname>De Ridder</surname>
<given-names>M</given-names>
</name>
<name>
<surname>Khadra</surname>
<given-names>M</given-names>
</name>
</person-group>. <article-title>Do electronic medical records improve advance directive documentation? A systematic review</article-title>. <source>Am J Hosp Palliat Med</source>. <year>2018</year>;<volume>36</volume>(<issue>3</issue>):<fpage>255</fpage>–<lpage>263</lpage>.</mixed-citation>
</ref>
<ref id="bibr10-1049909120951088">
<label>10</label>
<mixed-citation publication-type="journal">
<person-group person-group-type="author">
<name>
<surname>Overbeek</surname>
<given-names>A</given-names>
</name>
<name>
<surname>Korfage</surname>
<given-names>IJ</given-names>
</name>
<name>
<surname>Jabbarian</surname>
<given-names>LJ</given-names>
</name>
</person-group>, <etal>et al.</etal> <article-title>Advance care planning in frail older adults: a cluster randomized controlled trial</article-title>. <source>J Am Geriatr Soc</source>. <year>2018</year>;<volume>66</volume>(<issue>6</issue>):<fpage>1089</fpage>–<lpage>1095</lpage>.</mixed-citation>
</ref>
<ref id="bibr11-1049909120951088">
<label>11</label>
<mixed-citation publication-type="journal">
<person-group person-group-type="author">
<name>
<surname>Caprio</surname>
<given-names>AJ</given-names>
</name>
<name>
<surname>Rollins</surname>
<given-names>VP</given-names>
</name>
<name>
<surname>Roberts</surname>
<given-names>E</given-names>
</name>
</person-group>. <article-title>Health care professionals’ perceptions and use of the medical orders for scope of treatment (MOST) form in North Carolina nursing homes</article-title>. <source>J Am Med Dir Assoc</source>. <year>2012</year>;<volume>13</volume>(<issue>2</issue>):<fpage>162</fpage>–<lpage>168</lpage>.</mixed-citation>
</ref>
<ref id="bibr12-1049909120951088">
<label>12</label>
<mixed-citation publication-type="web">
<collab collab-type="author">North Carolina is Aging! NC Department of Health and Human Services, Division of Aging and Adult Services</collab>. <year>2019</year>. <comment>Accessed July 15, 2020</comment>. <ext-link ext-link-type="uri" xlink:href="https://files.nc.gov/ncdhhs/documents/files/NC%20State%20Aging%20Profile%202018.pdf">https://files.nc.gov/ncdhhs/documents/files/NC%20State%20Aging%20Profile%202018.pdf</ext-link>
</mixed-citation>
</ref>
</ref-list>
</back>
</article>